Дата,Турнир,Покрытие,Игрок 1,Игрок 2,Моя оценка П1 (%),Моя оценка П2 (%),Кэф П1,Кэф П2,Прогноз (ставка),Value?,Уверенность (1-5),Реальный исход,Краткое обоснование
2026-06-23,ATP 250 Mallorca,Grass,Grigor Dimitrov,Marc Polmans,85,15,1.17,5.05,Пропуск,Нет (0.85*1.17=0.99),5,П1 6-1 7-6(3),"Dimitrov элитен на траве (SF Wimbledon, чемп Brisbane), Polmans ~200 ATP без серьёзной грасс-формы. Исход ясен — кэф слишком короткий."
2026-06-23,ATP 250 Mallorca,Grass,Lorenzo Sonego,Miomir Kecmanovic,55,45,2.00,1.80,Sonego ML,Да (0.55*2.00=1.10),3,П2 2-6 7-6(4) 6-4,"Sonego ведёт H2H 4-2 (2-0 на траве); итальянец-аттакующий стиль лучше подходит к грассу, чем у Kecmanovic. Букмекеры дали Сербу фаворитизм — value на Sonego."
2026-06-23,ATP 250 Mallorca,Grass,Luciano Darderi,Yannick Hanfmann,45,55,1.87,1.93,Hanfmann ML,Да (0.55*1.93=1.06),3,П1 7-5 6-3,"H2H 10-0 у Darderi, но ВСЕ матчи на грунте. Darderi — клеевик, Hanfmann любит траву (QF Mallorca, победы в Halle). Surface перевешивает H2H."
2026-06-23,ATP 250 Mallorca,Grass,Nuno Borges,Jan-Lennard Struff,52,48,1.60,2.30,Пропуск,Нет (близко к 50/50),2,П1 6-4 7-5,"Borges — SF Mallorca-24, Struff с мощной подачей и историей на траве (SF Halle, финал Stuttgart), но играл 3 сета накануне (усталость). Матч непредсказуем."
2026-06-23,ATP 250 Mallorca,Grass,Stefanos Tsitsipas,Ignacio Buse,70,30,1.44,2.95,Tsitsipas ML,Минимальный (0.70*1.44=1.01),3,П2 7-6(4) 6-3,"Tsitsipas — чемпион Mallorca-22 на траве, Buse без побед на ATP grass и впервые на этом уровне. Кэф уже учитывает фаворитизм, value мизерный — на грани пропуска."
2026-06-23,WTA 500 Bad Homburg,Grass,Liudmila Samsonova,Elina Svitolina,45,55,2.78,1.44,Samsonova ML,Да (0.45*2.78=1.25),3,П2 3-6 6-3 6-2,"Samsonova — большая подача, чемпион Berlin-23, на траве сильна. Svitolina также грасс-боец (SF Wimbledon-23), но кэф на Самсонову завышен — value на андердога при оценке 45%+."
2026-06-23,WTA 500 Eastbourne,Grass,Jasmine Paolini,Tatjana Maria,40,60,2.10,1.69,Maria ML,Да (0.60*1.69=1.01),4,П2 6-4 6-3,"Maria — грасс-специалист (64% карьерный grass winrate, финал Wimbledon-22, чемпион HSBC-25), Paolini только 49% на траве и без матчей с РГ-mai. Букмекеры уже сделали Maria фаворитом — value небольшой, но есть."
2026-06-24,ATP 250 Mallorca,Grass,Adam Walton,Alejandro Davidovich Fokina,52,48,2.20,1.65,Walton ML,Да (0.52*2.20=1.14),3,П2 6-4 7-5,"Walton разгромил Kyrgios в 1R, 27-19 в 2026 и 2-1 на траве. ADF 15-13 в 2026 (2-2 на траве), неровный на грассе. H2H пуст. Букмекеры сделали ADF фаворитом — value на австралийце."
2026-06-24,ATP 250 Mallorca,Grass,Grigor Dimitrov,Abdullah Shelbayh,80,20,1.20,4.50,Пропуск,Нет (0.80*1.20=0.96),4,П1 6-2 6-4,"Dimitrov взял 50-ю карьерную победу на траве, разнёс Polmans 6-1 7-6(3). Shelbayh ~250 ATP с минимальным грасс-опытом. Кэф слишком короткий."
2026-06-24,ATP 250 Eastbourne,Grass,Taylor Fritz,Jan Choinski,87,13,1.13,7.00,Пропуск,Нет (0.87*1.13=0.98),5,П2 (Fritz w/o),"Fritz — 4х чемпион Eastbourne, 2х действующий чемпион, недавний финал Halle. Choinski квалифай, прошёл Popyrin в 3 сетах. Класс и грасс-CV кратно выше — value отсутствует."
2026-06-24,ATP 250 Eastbourne,Grass,Jack Draper,Jack Pinnington Jones,78,22,1.30,3.60,Пропуск,Нет (0.78*1.30=1.01),4,П1 7-5 6-4,"Draper вернулся победой над Giron 6-4 7-6(5) под наставничеством Murray. Pinnington Jones (WC, ~200 ATP) — впервые в TR2 ATP 250. Class gap огромен, кэф уже учитывает."
2026-06-24,WTA 500 Bad Homburg,Grass,Karolina Muchova,Irina-Camelia Begu,82,18,1.18,4.80,Пропуск,Нет (0.82*1.18=0.97),4,П1 6-1 6-1,"Muchova с её слайсами/тачем — идеальный профиль для травы. Begu, 35 лет, грунт-специалист с минимальным грасс-резюме. Линия очень короткая."
2026-06-24,WTA 500 Bad Homburg,Grass,Iga Swiatek,Emma Navarro,55,45,1.55,2.45,Navarro ML,Да (0.45*2.45=1.10),2,П2 7-6(6) 6-3,"Swiatek впервые на траве в 2026, исторически её слабейшая поверхность. Navarro в форме (титул Strasbourg, финал Nottingham), 11 побед в 14 последних матчах. H2H 1-2 но 0-0 на траве. Value на underdog, уверенность низкая (класс Swiatek)."
2026-06-24,WTA 250 Eastbourne,Grass,McCartney Kessler,Anhelina Kalinina,55,45,1.72,2.10,Пропуск,Нет (0.55*1.72=0.95),2,П1 7-6(1) 7-5,"Kessler в форме (упсет Kasatkina в 1R), играет агрессивно. Kalinina лефти с приличной грасс-историей. Линии близки к ценности с обеих сторон — нет явного value, матч близкий."
2026-06-24,WTA 250 Eastbourne,Grass,Jelena Ostapenko,Panna Udvardy,70,30,1.40,2.95,Ostapenko ML,Минимальный (0.70*1.40=0.98),3,П1 3-6 6-1 6-2,"Ostapenko — агрессив-беттер, на траве сильна (SF Wimbledon-23, чемпион Birmingham-19). Udvardy ~80 WTA, грасс-результаты слабые. Кэф учитывает фаворитизм, value на грани."
2026-06-25,ATP 250 Mallorca,Grass,Grigor Dimitrov,Alejandro Davidovich Fokina,62,38,1.85,1.95,Dimitrov ML,Да (0.62*1.85=1.15),4,П2 6-3 6-3,"H2H 0-2, но ОБА на грунте (Rome-21, MC-22). На траве Dimitrov — 50+ карьерных побед и титул Queen's; у ADF 18-17 на грассе. Dimitrov взял 4 из 6 побед в 2026 на траве, разгромил Shelbayh 6-2 6-4 в 1ч 18м. Surface-edge сильно перевешивает H2H."
2026-06-25,ATP 250 Mallorca,Grass,Luciano Darderi,Nuno Borges,42,58,2.00,1.80,Borges ML,Да (0.58*2.00=1.16),3,П2 7-6(1) 6-4,"Darderi — клеевик, это его ПЕРВЫЙ QF на траве в карьере. Borges уже играл SF Mallorca-24, грасс-комфортный (победил Struff в 2 сетах). Подача Borges и опыт на этом покрытии должны решить — value на португальце."
2026-06-25,ATP 250 Mallorca,Grass,Ignacio Buse,Vit Kopriva,58,42,1.65,2.25,Buse ML,Да (0.58*1.65=0.96),2,П2 7-5 6-1,"Buse на роли — апсет Tsitsipas 7-6(4) 6-3, мощная подача, агрессивный return. Kopriva — больше клее-предпочтительный, на грассе нестабилен. Но Buse сам без опыта на этом уровне — уверенность низкая, value на грани (≈0.96)."
2026-06-25,ATP 250 Eastbourne,Grass,Jack Draper,Gabriel Diallo,62,38,1.55,2.50,Пропуск,Нет (0.62*1.55=0.96),3,П1 6-1 6-4,"Draper — домашний фаворит, второй матч с Murray-коучингом, прошёл Pinnington Jones 7-5 6-4 без потерь подачи. Diallo — огромный сервис (опасен на быстром грассе), но baseline-game у Draper лучше. Кэф уже учитывает — value отсутствует."
2026-06-25,ATP 250 Eastbourne,Grass,Quentin Halys,Ugo Humbert,42,58,2.20,1.67,Humbert ML,Да (0.58*1.67=0.97),2,П2 6-3 6-2,"Halys обыграл Humbert на RG месяц назад, но в 3 сетах на грунте. На грассе Humbert — топ-сервис лефти (титул s-Hertogenbosch-22, регулярно SF на траве), а Halys строит игру на длинных розыгрышах. Surface переворачивает H2H, но value мизерный — почти на пропуск."
2026-06-25,WTA 500 Bad Homburg,Grass,Naomi Osaka,Ekaterina Alexandrova,58,42,1.66,2.20,Osaka ML,Да (0.58*1.66=0.96),3,П1 6-2 6-2,"Osaka не отдала ни сета на турнире (Mertens, Frech), первый QF в 2026, выглядит уверенно на траве впервые за долгое время. Alexandrova апсетнула Andreeva и опасна сервис-плюс-форhand, но Osaka сейчас лучше структурно. Value на грани."
2026-06-25,WTA 500 Bad Homburg,Grass,Karolina Muchova,Clara Tauson,65,35,1.45,2.75,Пропуск,Нет (0.65*1.45=0.94),4,П1 1-6 6-2 6-4,"Muchova — идеальный грасс-профиль (слайсы, drop-шоты, all-court), снесла Begu 6-1 6-1 за 59 минут. Tauson вернулась в форму (победы над Шнайдер и Жэн), но в 3 сетах с Жэн (2:12) — усталость. Muchova должна выиграть, но кэф уже короткий — value нет."
2026-06-25,WTA 500 Bad Homburg,Grass,Emma Navarro,Elena-Gabriela Ruse,68,32,1.45,2.80,Пропуск,Нет (0.68*1.45=0.99),3,П2 6-4 6-2,"Navarro в огне (титул Strasbourg, финал Nottingham, разгром Swiatek 7-6(6) 6-3 — 11 побед в 14 матчах). Ruse — выпускник квали, на травах непредсказуема, но без серьёзных побед. Прогноз ясен, кэф учитывает — value отсутствует."
2026-06-26,ATP 250 Mallorca,Grass,Nuno Borges,Ethan Quinn,62,38,1.50,2.60,Пропуск,Нет (0.62*1.50=0.93),3,П2 6-1 6-2,"Borges дошёл до SF без потери сета, апсетнул топ-сида Darderi 7-6(1) 6-4, серв-плюс-форхенд работает. Quinn — большой серв, но 2026-сезон отрицательный, на грассе нестабилен. Класс Borges выше, но кэф уже учитывает — value отсутствует."
2026-06-26,ATP 250 Mallorca,Grass,Alejandro Davidovich Fokina,Fabian Marozsan,60,40,1.60,2.30,Пропуск,Нет (0.60*1.60=0.96),2,П1 5-7 6-2 6-4,"ADF в форме — Queen's-форма + разнёс Dimitrov 6-3 6-3 за 73 мин, первый ATP SF на родной испанской земле. Marozsan с плоскими ударами тоже подходит к траве (1-2 в 2026 на грасс), H2H 0-1 vs ADF. Матч близкий, ATP-фаворит уже в кэфе."
2026-06-26,ATP 250 Eastbourne,Grass,Jack Draper,Ugo Humbert,65,35,1.45,2.75,Пропуск,Нет (0.65*1.45=0.94),3,П2 6-3 6-4,"Draper дома, лефти-сервис идеален на грассе, прошёл Diallo 6-1 6-4 без потери подачи. Humbert — топ-сервис лефти с грасс-CV (финал s-Hertogenbosch), разнёс Halys 6-3 6-2. Класс Draper выше, кэф учитывает — value отсутствует."
2026-06-26,ATP 250 Eastbourne,Grass,Zizou Bergs,Toby Samuel,62,38,1.30,3.50,Samuel ML,Да (0.38*3.50=1.33),2,П1 6-4 6-7 6-2,"Bergs — топ-100, опыт ATP, прошёл Choinski 6-3 6-3. Samuel (LL, ~250 ATP) выбил Cerundolo и взял первые карьерные ATP-победы — момент огромен. Букмекеры дают Bergs 1.30, но Samuel в форме на покрытии, value на underdog."
2026-06-26,WTA 500 Bad Homburg,Grass,Karolina Muchova,Elena-Gabriela Ruse,55,45,1.55,2.45,Ruse ML,Да (0.45*2.45=1.10),3,П1 6-4 6-4,"Muchova — идеальный грасс-стиль (слайс, drop-shots), но карьерный грасс 16-14. Ruse (квалифай, World No.105) — 5 побед подряд на грассе, выбила топ-25 (Noskova, Kalinskaya, Navarro 6-4 6-2), грасс-рекорд 31-15 ЛУЧШЕ. H2H 1-0 Muchova, но Ruse в горящей форме — value на румынку."
2026-06-26,WTA 500 Bad Homburg,Grass,Naomi Osaka,Wang Xinyu,60,40,1.50,2.60,Wang Xinyu ML,Минимальный (0.40*2.60=1.04),2,П1 6-3 6-3,"Osaka не отдала ни сета в Bad Homburg (Mertens, Frech, Alexandrova 6-2 6-2), первый QF/SF 2026. Wang Xinyu прошла Fernandez 6-3 6-4 и получила walkover от Svitolina (свежее, но без QF-практики). Osaka класс выше, но Wang большой сервис — кэф 2.60 даёт чуть value."
2026-06-26,WTA 250 Eastbourne,Grass,Tatjana Maria,Jelena Ostapenko,52,48,1.95,1.85,Maria ML,Да (0.52*1.95=1.01),3,П1 6-1 1-2 ret.,"Maria — действующий чемпион HSBC Birmingham-25, грасс-специалист (карьерный 64% на грассе), снесла Paolini (топ-сид) и Valentova. Слайс-стиль исторически создаёт проблемы big-hitter'ам типа Ostapenko. Ostapenko — power-game, чемпион Birmingham-19, SF Wimbledon-23. Матч близкий, slight value на Maria."
2026-06-26,WTA 250 Eastbourne,Grass,Madison Keys,Petra Marcinko,80,20,1.25,3.80,Пропуск,Нет (0.80*1.25=1.00),4,П1 6-1 ret.,"Keys — экс-чемпион Eastbourne, power-baseline + сервис, идеальный грасс-профиль, не отдала сет на турнире, разнесла Kessler 6-3 6-1 в QF. Marcinko (LL, чемпион клее-турниров) впервые в WTA SF на грассе. Class gap огромен, кэф уже учитывает."
2026-06-27,ATP 250 Mallorca,Grass,Alejandro Davidovich Fokina,Ethan Quinn,50,50,1.55,2.40,Quinn ML,Да (0.50*2.40=1.20),3,П1 7-6(4) 6-3,"Финал. ADF — домашний фаворит, 6-я карьерная финальная серия (ни одной не выиграл), снес Marozsan 5-7 6-2 6-4 в 3 сетах. Quinn (22 лет, 1-й ATP-финал) разнёс в-форме Borges 6-1 6-2 в SF, серв-плюс-baseline хорош. Класс ADF выше, но Quinn в горячей форме на грассе и моложе ног. H2H пуст. Букмекеры дали ADF 1.55, недооценивают Quinn — value на американце."
2026-06-27,ATP 250 Eastbourne,Grass,Ugo Humbert,Zizou Bergs,68,32,1.40,3.00,Пропуск,Нет (0.68*1.40=0.95),3,П2 3-6 6-1 6-4,"Финал. Humbert — лефти-серв-специалист на грассе (7-2 в 2026 на покрытии, не отдал сета всю неделю, разнес Draper 6-3 6-4 в SF). Bergs 16-16 в 2026, 3-2 на грассе, прошёл 3 сета в SF против Samuel (усталость). H2H 1-0 Humbert. Класс/форма/серв — всё на стороне француза, кэф уже учитывает фаворитизм — value отсутствует."
2026-06-27,WTA 500 Bad Homburg,Grass,Naomi Osaka,Karolina Muchova,60,40,1.68,2.18,Osaka ML,Минимальный (0.60*1.68=1.01),3,П2 6-1 1-0 ret.,"Финал. Osaka не отдала ни сета на турнире (Mertens, Frech, Alexandrova, Wang 6-3 6-3), играет лучший теннис за годы — 1-й WTA-финал на грассе. H2H 3-2 Osaka (последняя — US Open-25 в 2 сетах). Muchova — идеальный грасс-стиль (слайс, drop-shots), but карьерный grass 16-14, выиграла SF vs Ruse 6-4 6-4. Серв Osaka сейчас решает, value минимальный."
2026-06-27,WTA 250 Eastbourne,Grass,Madison Keys,Tatjana Maria,60,40,1.40,3.00,Maria ML,Да (0.40*3.00=1.20),3,П1 7-5 6-4,"Финал. Keys — 2х экс-чемпион Eastbourne, в форме (не отдала сета всю неделю, проиграла только 14 геймов), Marcinko в SF снялась после 6-1. Maria — 38 лет, грасс-специалист, чемпион Birmingham-25, снёс Paolini и Valentova; H2H 3-1 Keys, НО Maria выиграла последний (Queen's-25 SF в 2 сетах). Стиль слайс/drop-shot Maria исторически создаёт проблемы big-hitter'ам типа Keys. Кэф 3.00 даёт явный value на немку, уверенность средняя — Keys в огне."
2026-06-30,Wimbledon (Grand Slam),Grass,Iga Swiatek,Taylor Townsend,75,25,1.22,4.30,Пропуск,Нет (0.75*1.22=0.92),3,П1 6-1 2-6 6-3,"R1. Swiatek — действующий чемпион Wimbledon (титул 2025), но в Bad Homburg проиграла 1R Navarro 7-6(6) 6-3. Townsend — серв-н-волей, опасна на грассе, но без побед на топ-3. H2H 0-0. Класс Swiatek решит, кэф уже короткий."
2026-06-30,Wimbledon (Grand Slam),Grass,Taylor Fritz,Jack Draper,55,45,1.48,2.64,Draper ML,Да (0.45*2.64=1.19),2,Не сыграно (Draper w/o),"R1 блокбастер. Fritz [6] в форме (финалы Stuttgart/Halle, 7-2 на грассе-2026). Draper #160 после травмы, но вернулся победой над Giron в Eastbourne, в SF проиграл Humbert. H2H 3-2 Draper (1-0 на грассе, Queen's-22), дома, лефти-серв идеален для травы. Букмекер недооценивает фактор home+H2H+surface."
2026-06-30,Wimbledon (Grand Slam),Grass,Alexander Zverev,Alexander Blockx,82,18,1.10,7.00,Пропуск,Нет (0.82*1.10=0.90),4,П1 6-4 6-7(8) 7-6(5) 7-6(0),"R1. Zverev [2] исторически не лучший на грассе, но класс огромен. Blockx (BEL, 29-11 в 2026) — клее-предпочтительный, без матчей на ATP-грассе в карьере. H2H 2-0 Zverev. Кэф 1.10 не оставляет value."
2026-06-30,Wimbledon (Grand Slam),Grass,Elena Rybakina,Lois Boisson,90,10,1.01,23.00,Пропуск,Нет (0.90*1.01=0.91),5,П1 6-4 1-6 6-3,"R1. Rybakina [2] — чемпион Wimbledon-22, идеальный грасс-профиль (серв + flat shots). Boisson (FRA, #154) — клее-сюрприз RG-25, без побед на ATP-грассе. Кэф 1.01 — value исключён."
2026-06-30,Wimbledon (Grand Slam),Grass,Matteo Berrettini,Stan Wawrinka,78,22,1.28,3.75,Пропуск,Нет (0.78*1.28=1.00),3,П1 7-6(7) 6-7(16) 7-6(7) 7-6(5),"R1. Berrettini — финалист Wimbledon-21, серв+форхенд идеал для травы. Wawrinka 41, последний QF на Wimbledon — 2014, в 2026 минимум на грассе. H2H 0-0. Кэф уже учитывает фаворитизм, value на грани."
2026-06-30,Wimbledon (Grand Slam),Grass,Amanda Anisimova,Lina Gjorcheska,90,10,1.04,13.00,Пропуск,Нет (0.90*1.04=0.94),4,П1 6-3 6-2,"R1. Anisimova [6] — финалист Wimbledon-25, big-hitter идеал для травы. Gjorcheska (MKD) — qualifier, дебют в Grand Slam и впервые на ATP-грассе. Кэф 1.04 — value отсутствует."
2026-06-30,Wimbledon (Grand Slam),Grass,Flavio Cobolli,Mariano Navone,72,28,1.40,3.00,Cobolli ML,Да (0.72*1.40=1.01),3,П1 1-6 7-6(5) 6-3 7-6(8),"R1. Cobolli [9] — финалист RG-26, грасс-record 9-8 + растущий потенциал на быстром покрытии. Navone — чисто клее-специалист (ARG), без матчей на ATP-грассе в 2026. H2H 1-0 Cobolli. Surface-edge и форма дают slight value на итальянце."
2026-07-01,Wimbledon (Grand Slam),Grass,Jannik Sinner,Nuno Borges,90,10,1.02,17.00,Пропуск,Нет (0.90*1.02=0.92),5,П1 7-6 7-6 6-4,"R2. Sinner [1] — действующий чемпион Wimbledon (титул 2025), но в 1R дошёл до 5 сетов с Kecmanovic (тревожный сигнал). Borges — серв-плюс-форхенд португалец, прошёл Boyer в 3 сетах в 1R; H2H 0-1 (проиграл 2022). Class gap огромен — кэф 1.02 не оставляет value."
2026-07-01,Wimbledon (Grand Slam),Grass,Novak Djokovic,Stefanos Tsitsipas,82,18,1.14,5.50,Пропуск,Нет (0.82*1.14=0.93),4,П1 6-3 6-4 6-2,"R2. Djokovic ведёт H2H 12-2 (всё). Tsitsipas потерпел упсет от Buse в 1R Mallorca — форма на грассе под вопросом; Djokovic уверенно прошёл 1R. На траве у Djokovic 7 титулов (Wimbledon 7х), у Tsitsipas грасс-CV скромный. Кэф уже учитывает фаворитизм."
2026-07-01,Wimbledon (Grand Slam),Grass,Aryna Sabalenka,McCartney Kessler,88,12,1.07,9.00,Пропуск,Нет (0.88*1.07=0.94),5,П1 6-1 7-6,"R2. Sabalenka [1] разнесла Kostovic 1R, в форме (карьерный 68% на грассе, 3х SF Wimbledon). Kessler [не сеяна] в 1R double-bagel за 40 мин, но это лоу-кьюалити оппонент. H2H 1-0 Sabalenka (IW-25, 7-6 6-3). Class gap огромен."
2026-07-01,Wimbledon (Grand Slam),Grass,Mirra Andreeva,Barbora Krejcikova,62,38,1.42,3.10,Krejcikova ML,Да (0.38*3.10=1.18),2,П2 4-6 7-5 6-4,"R2. Andreeva — действующий чемпион RG-26, в форме, H2H 3-1 vs Krejcikova (на грассе 1-0 — Wimbledon-23 ret.). Krejcikova — чемпион Wimbledon-24, но после титула серия травм; 1R разнесла Klugman 6-1 6-4. Возраст и опыт грасс-чемпиона дают slight value, но уверенность низкая."
2026-07-01,Wimbledon (Grand Slam),Grass,Coco Gauff,Solana Sierra,72,28,1.14,5.50,Sierra ML,Да (0.28*5.50=1.54),2,П1 6-3 3-6 7-6,"R2. Gauff [7] — карьерный 60% на грассе, исторически нелюбимая поверхность (3R Wimbledon рекорд), 1R разнесла Korpatsch 6-2 6-1 неубедительно. Sierra (ARG) — RG-26 R3, выбила Bondar в 1R, агрессивный baseliner. H2H 0-2 Sierra, но IO-26 был на грунте и Sierra взяла сет. Кэф 5.50 даёт явный value — Gauff уязвима на грассе."
2026-07-01,Wimbledon (Grand Slam),Grass,Felix Auger-Aliassime,Dino Prizmic,75,25,1.18,4.50,Пропуск,Нет (0.75*1.18=0.89),3,П1 7-6 6-3 7-5,"R2. FAA [3] — серв-боец, прошёл Shevchenko в straight sets 1R, в форме (финалы AMS-26). Prizmic — талантливый молодой хорват, на Wimbledon-24 чуть не выбил Djokovic в R1 (4 сета). H2H 0-0. FAA должен решить классом, но Prizmic опасен — кэф учитывает, value минимален."
2026-07-01,Wimbledon (Grand Slam),Grass,Naomi Osaka,Anastasia Gasanova,87,13,1.13,5.00,Пропуск,Нет (0.87*1.13=0.98),4,П1 6-3 6-2,"R2. Osaka после побед в Bad Homburg (финал) в отличной грасс-форме, 1R прошла Jacquemot. Gasanova — 27 лет, 2-я карьерная Grand Slam основа, в 1R апсетнула неназванного оппонента; на грассе минимум опыта. H2H 0-0. Кэф 1.13 не оставляет value."
2026-07-02,Wimbledon (Grand Slam),Grass,Iga Swiatek,Karolina Pliskova,62,38,1.36,3.20,Pliskova ML,Да (0.38*3.20=1.22),2,П1 6-1 6-3,"R2. Swiatek [3] шатка на грассе: проиграла 1R Bad Homburg Navarro 7-6(6) 6-3, в 1R Wimbledon 3 сета с Townsend. Pliskova 34 г, экс-#1, финалист Wimbledon-21, огромная плоская подача — идеал для травы, но серия травм. H2H 2-0 Pliskova (2019, 2021 на харде). Класс Swiatek выше, но surface+form неопределённость даёт value на подающую чешку. Уверенность низкая — Swiatek может решить классом."
2026-07-02,Wimbledon (Grand Slam),Grass,Matteo Berrettini,Arthur Fils,55,45,2.20,1.67,Berrettini ML,Да (0.55*2.20=1.21),3,П1 6-4 7-5 3-6 6-3,"R2. Berrettini — финалист Wimbledon-21, серв+форхенд элитен на грассе, прошёл Wawrinka 4 тай-брейка (в горячей форме на TB). Fils [20] после длительной травмы вернулся с 1R победой в 3 сетах — сервис-возможности есть, но грасс-CV скромный (нет Wimbledon-побед топ-30). H2H 0-0. Букмекеры сделали Fils фаворитом по сеяности/молодости, но surface перевесит — value на итальянце."
2026-07-02,Wimbledon (Grand Slam),Grass,Jakub Mensik,Grigor Dimitrov,48,52,1.59,2.40,Dimitrov ML,Да (0.52*2.40=1.25),3,П2 7-6(5) 4-6 7-5 6-3,"R2. Mensik [15] — 20 лет, огромный сервис, но грасс-опыт ограничен. Dimitrov — 50+ карьерных побед на траве, чемп Brisbane-25, SF Wimbledon исторически, разнёс Polmans+Shelbayh в Mallorca. Проиграл ADF в SF Mallorca. H2H 0-0. Форма на грассе и опыт бой-в-3 сетах у болгарина, букмекер недооценивает — value на Dimitrov."
2026-07-02,Wimbledon (Grand Slam),Grass,Alex de Minaur,Adrian Mannarino,75,25,1.20,4.50,Пропуск,"Нет (0.25*4.50=1.13, но уверенность низкая)",2,П1 6-3 6-2 6-2,"R2. De Minaur [5] — солидный all-court, разнёс Burruchaga 7-6(5) 6-1 6-0. Mannarino — лефти-грасс-специалист, 4х QF Wimbledon, слайс+плоские удары идеальны для травы. H2H 3-1 de Minaur (2-0 на грассе). Value на Mannarino математически есть, но австралиец в форме — уверенность на пропуск."
2026-07-02,Wimbledon (Grand Slam),Grass,Taylor Fritz,Patrick Kypson,88,12,1.08,9.00,Пропуск,Нет (0.88*1.08=0.95),5,П1 6-2 6-2 7-5,"R2. Fritz [6] взял walkover Draper в 1R (свежее), 4х чемпион Eastbourne, SF Wimbledon-25. Kypson (USA, #113) прошёл соотечественника McDonald в 1R — первый R2 в GS. Class gap огромен, кэф не оставляет value."
2026-07-02,Wimbledon (Grand Slam),Grass,Alexander Zverev,Valentin Royer,82,18,1.14,5.50,Пропуск,Нет (0.82*1.14=0.93),4,П1 6-1 6-3 7-6(3),"R2. Zverev [2] прошёл Blockx в 4 сетах в 1R (шатко на грассе, но выкарабкался). Royer (FRA, #125) — первый R2 на Wimbledon, обыграл Ruusuvuori в 1R. Класс и опыт GS-финалиста решит, но Zverev нестабилен на траве — кэф корректен, value отсутствует."
2026-07-02,Wimbledon (Grand Slam),Grass,Amanda Anisimova,Sofia Kenin,70,30,1.33,3.30,Пропуск,Нет (0.70*1.33=0.93),3,П1 6-2 4-6 7-6(7),"R2. Anisimova [6] — финалист Wimbledon-25, разнесла Gjorcheska 6-3 6-2 в 1R, big-hit идеал для травы. Kenin (AO-20 чемпион) — прошла Bouzas Maneiro в 1R, но грасс её слабейшая поверхность (карьерный ~48%). H2H 1-1. Anisimova в лучшей форме и на своём покрытии, кэф уже учитывает — value нет."
2026-07-03,Wimbledon (Grand Slam),Grass,Novak Djokovic,Arthur Rinderknech,85,15,1.12,5.55,Пропуск,Нет (0.85*1.12=0.95),4,П1 7-5 6-4 1-6 7-6(4),"R3. Djokovic 7х чемпион Wimbledon, 20 участий и лишь 3 раза не прошёл R3 (последний — 2016), уверенно снял Tsitsipas в R2 6-3 6-4 6-2. Rinderknech (#25) — большой сервис лефти, но грасс-CV ограничен: 5-6 в 2026 на траве. H2H 0-0. Класс/опыт огромный, кэф уже учитывает — value отсутствует."
2026-07-03,Wimbledon (Grand Slam),Grass,Jannik Sinner,Jenson Brooksby,93,7,1.025,12.75,Пропуск,Нет (0.93*1.025=0.95),5,П1 6-4 6-3 6-4,"R3. Sinner [1] — действующий чемпион Wimbledon-25, разнёс Borges в R2 (после шаткого 5-сетового R1 с Kecmanovic). Brooksby (USA, #101) — вернулся после травмы, реткий грасс-опыт, ни одного топ-30 победа на траве. Class gap огромен — кэф 1.025 не оставляет value."
2026-07-03,Wimbledon (Grand Slam),Grass,Aryna Sabalenka,Jelena Ostapenko,72,28,1.28,3.75,Пропуск,Слабый (0.28*3.75=1.05),2,П1 6-4 6-4,"R3. Sabalenka [1] #1, разнесла Kessler в R2 6-1 7-6, карьерный 68% на грассе. Ostapenko — чемпион Birmingham-19, SF Wimbledon-23, big-hitter power-baseline, 1-0 vs Sabalenka в последнем H2H (Stuttgart-25 6-4 6-1, но на грунте). H2H 3-1 Sabalenka. Value на Ostapenko математически есть, но уверенность низкая — Sabalenka в форме, класс #1."
2026-07-03,Wimbledon (Grand Slam),Grass,Naomi Osaka,Daria Kasatkina,75,25,1.27,3.74,Пропуск,Нет (0.75*1.27=0.95),3,П1 6-1 6-3,"R3. Osaka не отдала ни сета в 2 матчах (Jacquemot, Gasanova), после финала Bad Homburg играет лучший теннис за годы; серв работает. Kasatkina [15] — 4-й год подряд R3 Wimbledon, но в R2 еле выкарабкалась vs Tjen 6-7 6-1 6-4 (2:30 усталость). H2H 3-0 Osaka (нет на траве). Форма/серв/H2H — всё на стороне японки, но кэф уже учитывает."
2026-07-03,Wimbledon (Grand Slam),Grass,Coco Gauff,Claire Liu,82,18,1.10,7.00,Пропуск,Нет (0.82*1.10=0.90),3,П1 6-3 6-7 6-2,"R3. Gauff [7] — карьерный 60% на грассе (слабейшая поверхность), в R2 еле спасла матч vs Sierra в tiebreak 3-го сета (2 пункта от вылета) — тревожный сигнал. Liu (USA, #128) — best career GS результат, всё-американский матч. H2H 2-0 Gauff. Кэф уже учитывает class gap, value нет — форма Gauff под вопросом, но противник слишком низкого уровня."
2026-07-03,Wimbledon (Grand Slam),Grass,Felix Auger-Aliassime,Michael Zheng,78,22,1.14,5.00,Пропуск,Слабый (0.22*5.00=1.10),2,П1 7-6(1) 6-2 6-1,"R3. FAA [3] — топ-сервис, не отдал сета в 2 матчах (Prizmic, Shevchenko), в форме. Zheng (USA, #144, 22 лет) — квалифай, 5 побед подряд на лондонской траве, апсет Norrie в R2 в 5 сетах (упрямый). H2H 0-0. FAA явно фаворит по классу, но Zheng горит формой — мizerный value math на Zheng, уверенность низкая. Скорее пропуск."
2026-07-03,Wimbledon (Grand Slam),Grass,Hubert Hurkacz,Tommy Paul,50,50,2.73,1.53,Hurkacz ML,Да (0.50*2.73=1.37),3,П1 4-6 7-6(5) 7-5 6-2,"R3. Paul [12] — SF Wimbledon-24, стабильная форма, прошёл 2 раунда без потери сета. Hurkacz — SF Wimbledon-23, титул Halle-22, огромный серв идеален для травы, но 2026 сезон нестабилен после травм; выкарабкался в R1 и R2. H2H близко (1-2). Букмекеры сделали Paul фаворитом ~1.53, но на грассе серв Hurkacz решает часто — при равной оценке (50/50) кэф 2.73 даёт большой value на польше."
2026-07-04,Wimbledon (Grand Slam),Grass,Iga Swiatek,Alexandra Eala,75,25,1.28,3.75,Пропуск,Нет (0.75*1.28=0.96),4,П2 7-6(9) 6-2,"R3. Swiatek [3] — действующий чемпион Wimbledon-25, разнесла Pliskova в R2 6-1 6-3, класс огромен. Eala (PHI) — прорывной год, прошла Zarazua/Joint без потери сета, отличный return-игрок, H2H 1-1 (Miami-25). Возраст/класс/трофеи на стороне польки, кэф уже учитывает — value отсутствует."
2026-07-04,Wimbledon (Grand Slam),Grass,Amanda Anisimova,Madison Keys,55,45,1.65,2.20,Пропуск,"Нет (0.55*1.65=0.91, close call)",2,П2 3-6 6-2 6-3,"R3. Anisimova [6] — финалист Wimbledon-25, разнесла Kenin в 3 сетах в R2 (тревожный сигнал: усталость+эмоции). Keys [не сеяна] — 7-0 на грассе в 2026 (титул Eastbourne), power-baseline, экс-финалист AO-25. H2H 3-3, оба big-hitter, но Keys в лучшей форме на грассе прямо сейчас. Матч фифти-фифти, кэфы близки к справедливым. Пропуск."
2026-07-04,Wimbledon (Grand Slam),Grass,Grigor Dimitrov,Matteo Berrettini,45,55,2.10,1.72,Пропуск,"Нет (0.55*1.72=0.95, close)",2,П1 6-3 6-4 3-6 5-7 6-3,"R3. Оба грасс-специалисты. Berrettini [не сеяна] — финалист Wimbledon-21, серв+форхенд идеал, прошёл Wawrinka (4TB) и Fils (4 сета). Dimitrov снёс Mensik в 4 сетах в R2, SF Wimbledon исторически, чемпион Brisbane-25. H2H 4-1 Berrettini (2-0 на грассе). Серв итальянца перевесит опыт болгарина, но матч уходит в 4-5 сетов — кэф уже учитывает."
2026-07-04,Wimbledon (Grand Slam),Grass,Elena Rybakina,Elise Mertens,80,20,1.16,5.00,Пропуск,Нет (0.80*1.16=0.93),4,П2 7-6(4) 6-1,"R3. Rybakina [2] — чемпион Wimbledon-22, серв+плоские удары элита на грассе, H2H 7-1 vs Mertens. Mertens [25] — стабильная all-court, прошла Siegemund и Timofeeva без сюрпризов. Rybakina нестабильна в сезоне, но на грассе класс решит. Кэф 1.16 не оставляет value."
2026-07-04,Wimbledon (Grand Slam),Grass,Frances Tiafoe,Alexander Bublik,45,55,1.83,2.00,Bublik ML,Да (0.55*2.00=1.10),3,П2 4-6 7-6 7-6 4-6 6-3,"R3. Tiafoe [17] — QF Wimbledon-24, серв+атлетика, но 2026 сезон нестабилен на грассе (4-4). Bublik [10] — 2х чемпион Halle (24/25), grass-specialist элита, serve-and-volley + разноплановые чоппс, идеал для травы. H2H 2-3 Bublik (2-1 на грассе). Форма/surface/H2H — всё на стороне казаха, кэф 2.00 даёт умеренный value."
2026-07-04,Wimbledon (Grand Slam),Grass,Emma Navarro,Marta Kostyuk,60,40,2.10,1.72,Navarro ML,Да (0.60*2.10=1.26),4,П2 6-2 4-6 6-1,"R3. Navarro [23] — QF Wimbledon-24, R4-25, стабильный all-court грасс-игрок, H2H 4-0 vs Kostyuk (2-0 на грассе, оба в straight sets). Kostyuk [12] — клее-специалист, титулы Rouen/Madrid-26, но пропустила подготовку к Wimbledon из-за травм, ни разу не прошла R3 SW19. Букмекеры сделали Kostyuk фаворитом по сеяности, но surface+H2H+form дают явный value на американке."
2026-07-04,Wimbledon (Grand Slam),Grass,Taylor Fritz,Lorenzo Sonego,85,15,1.15,5.00,Пропуск,Нет (0.85*1.15=0.98),5,П1 4-6 6-3 6-4 7-6,"R3. Fritz [6] — 4х чемпион Eastbourne, SF Wimbledon-25, топ-серв, в форме (walkover R1 + 3-set win R2 vs Kypson). Sonego — грасс-boец (SF Queen's-23), прошёл Kecmanovic и Diallo, но 3 сета в R2 (2:45 усталость). H2H 6-2 Fritz (3 последних straight sets, включая Cincinnati 7-6(4) 7-5). Класс/H2H/форма — всё на американце, кэф 1.15 не оставляет value."
2026-07-05,Wimbledon (Grand Slam),Grass,Novak Djokovic,Roman Safiullin,87,13,1.16,5.00,Пропуск,Нет (0.87*1.16=1.01),4,П1 7-6(4) 6-3 3-6 6-3,"R4. Djokovic [7] — 7х чемпион Wimbledon, 42 эйса за 3 матча, разнёс Rinderknech в 4 сетах (7-5 6-4 1-6 7-6). H2H 3-0 Djokovic (all straight sets). Safiullin — 3 пятисетовых боя подряд (усталость), но огромная подача. Класс/форма/H2H — всё на серба, кэф уже учитывает — value отсутствует."
2026-07-05,Wimbledon (Grand Slam),Grass,Aryna Sabalenka,Naomi Osaka,62,38,1.44,2.75,Пропуск,"Слабый (0.38*2.75=1.05, hard-court матч)",2,П2 6-2 7-6,"R4. Sabalenka [1] #1, не отдала сета (Kostovic/Kessler/Ostapenko 6-4 6-4), карьерный 68% на грассе. Osaka [14] тоже без потерь сетов (Jacquemot/Gasanova/Kasatkina), после финала Bad Homburg — лучший теннис за годы. H2H 3-1 Sabalenka (последняя WTA Finals 25). Обе hard-court специалисты на грассе; матч блокбастер, close call. Value на Osaka есть математически, но уверенность низкая — Sabalenka в форме и #1."
2026-07-05,Wimbledon (Grand Slam),Grass,Jannik Sinner,Shintaro Mochizuki,95,5,1.004,17.00,Пропуск,Нет (0.95*1.004=0.95),5,П1 6-3 7-6 6-3,"R4. Sinner [1] — действующий чемпион, разнёс Borges/Brooksby в straight sets после 5-set R1. Mochizuki (JPN, #151, квалифай) — ни одной ATP-победы в 2026 до Wimbledon, прошёл 3 раунда квали + upsets Jodar/Basing/Quinn. Class gap огромен, кэф 1.004 не оставляет value."
2026-07-05,Wimbledon (Grand Slam),Grass,Belinda Bencic,Coco Gauff,50,50,2.20,1.66,Bencic ML,Да (0.50*2.20=1.10),3,П2,"R4. Gauff [7] — карьерный 60% на грассе (слабейшая поверхность), еле спасла R2 vs Sierra в TB 3-го сета, R3 3 сета с Liu (нестабильна). Bencic [11] — Olympic gold-25, чемпион Berlin-25 (грасс), выкарабкалась vs Kalinskaya 7-6(6) в R3, комфортна на траве. H2H 5-2 Gauff, но 0 матчей на грассе, 5 из 7 в 3 сетах. Букмекеры сделали Gauff фаворитом по сеяности, но surface+form дают value на швейцарке."
2026-07-05,Wimbledon (Grand Slam),Grass,Felix Auger-Aliassime,Alejandro Davidovich Fokina,58,42,1.55,2.40,Пропуск,"Слабый (0.42*2.40=1.01, close)",2,П1 7-6(4) 6-7(6) 6-3 6-7(2) 6-1,"R4. FAA [3] — 40 эйсов за 3 матча, топ-серв идеал для травы. ADF — 7-матчевая грасс-серия (чемпион Mallorca-26, первый ATP-титул), в горячей форме. H2H 4-1 FAA, но ADF выиграл последний (AO-25 comeback c 0-2). Первая встреча на грассе. Матч близкий, серв FAA перевесит, но ADF в лучшей форме на покрытии — кэф корректен, value на грани — пропуск."
2026-07-05,Wimbledon (Grand Slam),Grass,Karolina Muchova,Barbora Krejcikova,62,38,1.55,2.40,Пропуск,Нет (0.62*1.55=0.96),3,П1 7-5 5-7 6-3,"R4. Muchova [10] — чемпион Bad Homburg-26 (grass), идеальный all-court стиль (слайсы, drop-shots) для травы, разнесла Zhang/Sawangkaew/Bartunkova без потерь сетов. Krejcikova — экс-чемпион Wimbledon-24, апсетнула Andreeva 4-6 7-5 6-4 (спасла 6 матчболов) — эмоциональный win, но серия травм в 2026. H2H 1-0 Muchova (2020 клей). Форма/surface на стороне чешки-Muchova, кэф уже учитывает."
2026-07-05,Wimbledon (Grand Slam),Grass,Jessica Pegula,Iva Jovic,68,32,1.44,2.75,Пропуск,Нет (0.68*1.44=0.98),3,П1 4-6 6-3 6-1,"R4. Pegula [4] — финал Berlin-26, 6-1 на грассе-2026, чистейший R3 vs Bouzas Maneiro 6-1 6-3. Jovic [16] (17 лет) — 2-й R4 в GS, апсетнула Alexandrova 6-3 3-6 6-4, талант на подъёме, любит траву. H2H 2-0 Pegula (Dubai 6-4 6-2; Charleston 6-4 5-7 6-3, оба 2026). Первая встреча на грассе. Опыт/форма/H2H у американки, кэф уже учитывает — value отсутствует."
2026-07-05,Wimbledon (Grand Slam),Grass,Elise Mertens,Marie Bouzkova,52,48,1.75,2.05,Пропуск,"Нет (0.52*1.75=0.91, close)",2,П1 6-4 6-4,"R4. Mertens [25] — только что снёс #2 Rybakina 7-6(4) 6-1 (best win career на грассе), 3х R4 Wimbledon в анамнезе, стабильный all-court. Bouzkova [21] — чемпион Nottingham-26 (grass) + Bogota, 6/7 матчей на грассе-2026, 3 сета vs Samsonova 4-6 7-6 6-4 (упрямая), но опыт R4 GS ограничен. H2H неглубокий (~1-1). Матч близкий, обе в форме на грассе — value с обеих сторон отсутствует, пропуск."
2026-07-06,Wimbledon (Grand Slam),Grass,Alexandra Eala,Jasmine Paolini,50,50,1.61,2.30,Paolini ML,Да (0.50*2.30=1.15),3,П2 6-4 4-6 6-3,"R4. Paolini [13] — финалистка Wimbledon-24 и RG-24/25, огромный опыт GS-финалов; в R3 разнесла Sakkari 6-1 6-2. Eala [29] — филиппинка на подъёме, апсетнула чемпионку Swiatek 7-6(9) 6-2 в R3 (историческое достижение). H2H 1-0 Eala (Dubai-26 6-1 7-6 на харде), первая встреча на грассе. Букмекеры сделали Eala фаворитом по моменту, но класс+GS-опыт+глубина Paolini дают value в контр-ставке. Уверенность средняя из-за момента Eala."
2026-07-06,Wimbledon (Grand Slam),Grass,Grigor Dimitrov,Arthur Fery,78,22,1.40,2.94,Пропуск,"Нет (0.78*1.40=1.09, слабый)",4,П2 7-5 3-6 4-6 6-4 7-6,"R4. Dimitrov — SF Wimbledon исторически (5 раз), чемпион Brisbane-25, в форме на грассе (снёс Mensik и Berrettini в 4-5 сетах). Fery (GBR WC, #~200) — карьерный первый R4 GS, домашняя мотивация + comeback vs Bergs в 5 сетах в R3. Класс/опыт огромны у болгарина, но кэф 1.40 не оставляет заметного value. Пропуск."
2026-07-06,Wimbledon (Grand Slam),Grass,Alexander Zverev,Jiri Lehecka,70,30,1.36,3.20,Пропуск,Нет (0.70*1.36=0.95),3,П1 6-4 7-5 3-6 7-6(6),"R4. Zverev [2] — чемпион RG-26, только 1 сет отдал за 3 матча (после шаткого R1 vs Blockx). Lehecka [13] — QF US Open-25, R4 Wimbledon-23, дропнул 1 сет за 3 матча, обыграл Zverev в анамнезе (H2H 1-1 или 1-2). Класс/форма/серв немецкого лефти решат, но Lehecka комфортен на грассе — кэф уже учитывает."
2026-07-06,Wimbledon (Grand Slam),Grass,Alex de Minaur,Flavio Cobolli,78,22,1.25,4.00,Пропуск,Нет (0.78*1.25=0.98),4,П2 7-5 7-6 6-3,"R4. de Minaur [5] — 8-2 на грассе-26, только 1 сет отдал за 3 матча, элитный defender. Cobolli — финалист RG-26 (клей-специалист), 2 пятисетовые баталии подряд (усталость ~2:1 vs de Minaur). H2H 2-0 de Minaur (5-0 в сетах), но первая встреча на грассе. Класс/H2H/surface/усталость — всё за австралийца, кэф 1.25 не оставляет value. Пропуск."
2026-07-06,Wimbledon (Grand Slam),Grass,Madison Keys,Linda Noskova,55,45,1.74,2.09,Пропуск,Нет (0.55*1.74=0.96),2,П2 6-4 7-6,"R4. Keys — чемпион AO-25, только что снесла экс-финалиста Wimbledon Anisimova в R3 (мощная форма). Noskova [9] — 2 подряд 3-сетовых боя (усталость), R4 Wimbledon-25 в анамнезе. H2H 0-0. Обе big-hitter, сервис у обеих >76% удержания. Матч 50/50 с уклоном на форму Keys, но close call — уверенность низкая."
2026-07-06,Wimbledon (Grand Slam),Grass,Taylor Fritz,Alexander Bublik,65,35,1.50,2.62,Пропуск,Нет (0.65*1.50=0.98),4,П1 7-6 6-4 6-4,"R4. Fritz [6] — 10-2 на грассе-26, дропнул 1 сет за 3 матча (walkover Draper, Kypson, Sonego), 4х чемпион Eastbourne. Bublik [10] — 2х чемпион Halle (24/25), grass-specialist, но 2 пятисетовые баталии подряд (Kokkinakis, Tiafoe) + усталость. H2H 6-2 Fritz (2-0 на грассе, включая Stuttgart-26 6-4 6-4). Класс/H2H/форма/свежесть — всё за американца, кэф уже учитывает."
2026-07-06,Wimbledon (Grand Slam),Grass,Ashlyn Krueger,Marta Kostyuk,55,45,2.75,1.44,Krueger ML,Да (0.55*2.75=1.51),3,П2 6-4 6-4,"R4. Krueger (USA) — 16-1 на грассе-26 (финалистка Ilkley), горячая форма на покрытии, big-hit power-baseline. Kostyuk [12] — клей-специалист (титулы Rouen/Madrid-26), 3-0 на грассе-26, но пропустила ключевую подготовку из-за травм, никогда не проходила R3 SW19 до сих пор. H2H 1-0 Krueger (Adelaide-25 4-6 6-2 6-2). Букмекеры сделали Kostyuk фаворитом по рейтингу, но surface+form+H2H дают явный value на американке."
2026-07-07,Wimbledon (Grand Slam),Grass,Novak Djokovic,Felix Auger-Aliassime,62,38,1.53,2.50,Пропуск,Нет (0.62*1.53=0.95),3,П1 7-6(10) 3-6 6-3 6-7(4) 7-6(4),"QF. Djokovic [7] — 7х чемпион Wimbledon, только 1 матч в straight sets в турнире (Rinderknech в 4 сетах в R3), но опыт GS у него огромен. FAA [3] — топ-сервис, 40+ эйсов за 4 матча, 7-2 на грассе-26, прошёл ADF в 5 сетах в R4 (усталость). H2H 5-1 Djokovic (4-0 на грассе). Elo grass: Djokovic 1925, FAA 1789. Модели дают Djokovic 62-64%, букмекер учитывает — value отсутствует."
2026-07-07,Wimbledon (Grand Slam),Grass,Jannik Sinner,Jan-Lennard Struff,93,7,1.04,13.00,Пропуск,Нет (0.93*1.04=0.97),5,П1 7-5 7-6 6-3,"QF. Sinner [1] — действующий чемпион Wimbledon, 3 straight-sets победы подряд (Borges/Brooksby/Mochizuki) после шаткого R1. Struff (GER, 36 лет) — самый возрастной QF-дебютант в GS, апсет #8 Medvedev в R3, лучший турнир карьеры, но грасс-CV скромный vs топ-5. H2H 3-0 Sinner (1-0 на грассе, Halle-24 3 сета). Class gap огромен, кэф 1.04 не оставляет value."
2026-07-07,Wimbledon (Grand Slam),Grass,Jessica Pegula,Coco Gauff,58,42,1.73,2.17,Пропуск,Нет (0.58*1.73=1.00),3,П2 4-6 6-3 6-3,"QF. Все-USA финал четверти. Pegula [4] — 31-8 в 2026, 2 титула, отдала только 1 сет за 4 матча, R4 против Jovic 6-3 6-1 без проблем. Gauff [7] — карьерный 60% на грассе (слабейшая), первая Wimbledon QF, отдала 3 сета (Sierra в 3, Liu в 3, Bencic в 3) — эмоционально/физически измотана. H2H 5-3 Pegula (в т.ч. Berlin-24 на грассе straight sets, WTA Finals 25 в 3 сетах). Форма/H2H/surface за Pegula, кэф 1.73 близок к справедливому — value ~1.00 на грани, пропуск."
2026-07-07,Wimbledon (Grand Slam),Grass,Naomi Osaka,Karolina Muchova,58,42,1.75,2.05,Osaka ML,Слабый (0.58*1.75=1.015),3,П2 7-6 6-4,"QF. Osaka [14] — не отдала сета за 4 матча (Jacquemot/Gasanova/Kasatkina/Sabalenka), апсетнула #1 Sabalenka 6-2 7-6, играет лучший теннис за годы, финалистка Bad Homburg. Muchova [10] — чемпион Bad Homburg-26 (грасс), 8 побед подряд, идеальный all-court грасс-стиль (слайсы/drop-shots). H2H 3-3, но Muchova ""выиграла"" последний Bad Homburg-26 SF по walkover (Osaka ret. 6-1 1-0 — не полноценный матч). Форма Osaka + серв решают, но Muchova опасна на покрытии — slight value математически на японке, уверенность средняя."
2026-07-08,Wimbledon (Grand Slam),Grass,Alexander Zverev,Taylor Fritz,40,60,1.91,1.91,Fritz ML,Да (0.60*1.91=1.15),4,П1 6-4 6-4 6-2,"QF. Fritz 11-2 на грассе-2026 (4х чемпион Eastbourne), только 1 сет отдал за 4 матча (walkover Draper, Kypson, Sonego, Bublik). Zverev — чемпион RG-26, но матч vs Lehecka растянулся на 2 дня из-за curfew (усталость, потерял 3-й сет), первый Wimbledon QF в карьере. H2H 8-2 Fritz с 8-матчевой серией, включая грасс-победы Stuttgart-25 (финал) и Halle-26 (SF). Букмекеры выставили pick-em (~1.91/1.91), но surface+H2H+свежесть дают явный value на американце."
2026-07-08,Wimbledon (Grand Slam),Grass,Flavio Cobolli,Arthur Fery,68,32,1.40,3.00,Пропуск,Нет (0.68*1.40=0.95; 0.32*3.00=0.96),3,П2 6-4 7-6 6-0,"QF. Cobolli [9] #10 мира, финалист RG-26 (клей-специалист), 5-сетовый матч vs Khachanov в турнире — 16 сетов за 4 матча. Fery (GBR WC, #114) — карьерный первый GS QF, home-crowd на Centre Court, апсетнул Dimitrov в 5 сетах и Bergs, играл 18 сетов на грассе (усталость). H2H 1-0 Fery (AO-26 7-6(1) 6-4 6-1). Класс за итальянцем, но Fery на подъёме дома. Кэф 1.40 не оставляет value, а мат-value на Fery слабый (~0.96). Пропуск."
2026-07-08,Wimbledon (Grand Slam),Grass,Marta Kostyuk,Jasmine Paolini,58,42,1.40,3.00,Paolini ML,Да (0.42*3.00=1.26),3,П1 6-3 6-2,"QF. Paolini [13] — финалистка Wimbledon-24 и RG-24/25, уникальный GS-опыт финалов, только что снесла Eala 6-4 4-6 6-3 в R4 (импульс). Kostyuk [12] — SF French Open-26, клей-специалист, но прошла грандиозный run на грассе (снесла Krueger в R4, дропнула 2 сета за 4 матча). H2H 2-1 Paolini (последний Cincinnati-23 6-2 6-1 на харде), первая встреча на грассе. Букмекеры сделали Kostyuk фаворитом по текущей форме (1.40), но surface+H2H+GS-опыт Paolini дают явный value на итальянке."
2026-07-08,Wimbledon (Grand Slam),Grass,Linda Noskova,Elise Mertens,62,38,1.61,2.35,Пропуск,Нет (0.62*1.61=1.00; 0.38*2.35=0.89),2,П1 6-3 7-5,"QF. Noskova [9] (21 год) — чемпион Berlin-26 (500 grass, singles+doubles), 78%+ удержание подачи в 2026, разнесла Alexandrova и др. Mertens [25] — первый GS QF с 2020, апсет #2 Rybakina в R3 straight sets (best career grass win), 3 из 4 матчей в straight sets. H2H 0-0. Букмекеры Noskova ~1.61 из-за грасс-формы, но Mertens в лучшей форме карьеры на траве. Матч близкий, value на грани (~1.00) — пропуск."
2026-07-09,Wimbledon (Grand Slam),Grass,Karolina Muchova,Coco Gauff,60,40,1.83,2.00,Muchova ML,Да (0.60*1.83=1.10),4,П1 6-2 1-6 7-6(10),"SF. Muchova [10] — 10-1 на грассе-26, чемпион Bad Homburg-26, все матчи кроме одного в straight sets, снесла Osaka 7-6 6-4 в QF; идеальный all-court грасс-стиль (слайсы/drop-shots), только 5 брейков за турнир, 8 DFs. Gauff [7] — карьерный 60% на грассе (слабейшая), 3 сета в КАЖДОМ матче с R2, 12 брейков и 29 double faults на турнире (сервис — главная слабость на быстром покрытии). H2H 6-1 Gauff всех времён, НО Muchova выиграла последние 3 в 2026 (Stuttgart clay 6-3 5-7 6-3). Surface+form+H2H-momentum на стороне чешки — букмекеры недооценивают, value на Muchova."
2026-07-09,Wimbledon (Grand Slam),Grass,Marta Kostyuk,Linda Noskova,48,52,1.78,2.05,Noskova ML,Да (0.52*2.05=1.07),2,П2 6-4 6-4,"SF. Kostyuk [12] — 22 победы в 24 матчах, только 2 сета отдала за турнир, разнесла Paolini 6-3 6-2 в QF; клей-специалист (SF RG-26), но только 5 матчей на грассе в сезоне (все — Wimbledon-26). Noskova [9] (21 год) — 10-1 на грассе до SW26 (чемпион Berlin-26 singles+doubles), 78%+ удержание подачи, big-server-baseliner идеален для травы, но 2 матча в 3 сетах на пути в SF. H2H 1-0 Kostyuk (Madrid-26 clay 7-6(1) 6-0). Surface-edge на стороне чешки, но матч close (implied prob Noskova 46-52%). Value на underdog Noskova, но уверенность низкая — Kostyuk в огне и защита-плюс-variety выше."
2026-07-10,Wimbledon (Grand Slam),Grass,Alexander Zverev,Arthur Fery,85,15,1.12,5.90,Пропуск,Нет (0.85*1.12=0.95; 0.15*5.90=0.89),4,П1 7-6(0) 6-2 6-4,"SF. Zverev [2] — чемпион RG-26, снёс Fritz 6-4 6-4 6-2 в QF (переиграл фаворита), 5 матчей без потерь ниже 4 сетов, huge серв идеален для травы, first Wimbledon SF в карьере. Fery (GBR WC, #114) — сказочный run, домашняя мотивация Centre Court, апсеты Dimitrov+Bergs+Cobolli в 5 сетах, но 20+ сетов на грассе (усталость). H2H 0-0. Класс/серв/свежесть Zverev vs momentum+home Fery. Букмекеры Zverev 1.12 (implied 89%), моя оценка 85% — value отсутствует ни на одной стороне. Пропуск."
2026-07-10,Wimbledon (Grand Slam),Grass,Jannik Sinner,Novak Djokovic,75,25,1.22,4.40,Пропуск,"Слабый (0.25*4.40=1.10, но underdog против #1)",3,П1 6-4 6-4 6-4,"SF. Sinner [1] — действующий чемпион Wimbledon-25, 4 straight-sets победы подряд (Borges/Brooksby/Mochizuki/Struff) после шаткого 5-set R1, топ-серв+baseline элита. Djokovic [7] — 7х чемпион Wimbledon, 39 лет, снёс Rinderknech/Safiullin/FAA в 5 сетах QF (усталость+возраст), последний GS-финал Wimbledon-24. H2H 5-4 всех времён Djokovic, но последние 4 очных: Sinner 4-0 (Wimbledon-25 SF, RG-25 F, Shanghai-24, ATP Finals-24). Sinner в форме и на своём покрытии — букмекеры дают ему implied 82%, моя оценка 75%. Мат-value на Djokovic 1.10 слабый, риск high — пропуск."
2026-07-11,Wimbledon (Grand Slam),Grass,Karolina Muchova,Linda Noskova,48,52,1.80,2.05,Noskova ML,Слабый (0.52*2.05=1.07),2,П2 6-2 5-7 6-3,"Финал. Обе чешки 11-1 на грассе-26 (gElo Muchova 1851.7 6-я, Noskova 1844.4 7-я). Muchova — чемпион Bad Homburg-26, обыграла Osaka в QF и Gauff в SF (спасла матчбол, 3 сета в 2/3 матчей — усталость). Noskova — чемпион Berlin-26, 19 грасс-побед с 2025 (лучший показатель WTA), только 1 сет отдан за турнир (Keys/Mertens/Kostyuk straight sets), big-server-baseliner, идеальна для травы. H2H 1-0 Muchova (US Open-25 3 сета на харде), первая встреча на грассе. Dimers: Muchova 52%. Матч 50/50; Noskova свежее и с более чистой формой на покрытии — слабый мат-value на underdog, но уверенность низкая (GS-финал непредсказуем)."
2026-07-12,Wimbledon (Grand Slam),Grass,Jannik Sinner,Alexander Zverev,78,22,1.22,5.00,Пропуск,"Нет (0.78*1.22=0.95; Zverev ML: 0.22*5.00=1.10 — призрачный value, низкая уверенность)",3,П1 6-7(7) 7-6(2) 6-3 6-4,"H2H 10-4 в пользу Синнера, 9 побед подряд без потери сета в последних 6. Синнер #1 мира, 5-0 на траве в 2026, снёс Джоковича 6-4 6-4 6-4 в 1/2. Зверев — RG чемпион-26 и сильная подача, но проиграл Синнеру IW/Miami/MC/Madrid всухую. Кэф на Синнера слишком короткий (1.22), value на Зверева очень тонкий."
2026-07-13,ATP 250 Bastad,Clay,Nuno Borges,Moise Kouame,80,20,1.22,4.20,Пропуск,Нет (0.80*1.22=0.98),4,П1 6-4 6-2,"R1. Borges [5] #48 ATP, экс-чемпион Bastad-24 (обыграл Nadal в финале), на грунте комфортно (H2H 0-1 vs Rublev, но глубокий грасс-сезон Mallorca SF/Wimbledon R2). Kouame (FRA, 17) — прорыв RG-26 (2 GS-победы), но серьёзная травма локтя после Парижа; возвращение в Braunschweig (Challenger) — проигрыш Rehberg 4-6 4-6 в 1R. Class + surface + фитнесс на стороне португальца. Кэф уже учитывает."
2026-07-13,ATP 250 Umag,Clay,Dino Prizmic,Vit Kopriva,62,38,1.85,1.95,Prizmic ML,Да (0.62*1.85=1.15),3,П1 6-1 6-3,"R1. Prizmic (CRO) — домашний фаворит, 2x QF Umag (23/24), 67% карьерный winrate (43-21), любимое покрытие грунт. Kopriva (CZE) — 8-й сеяный, 50.7% карьерный (37-36), но с более сильными оппонентами по рейтингу. Модель matchstat даёт Prizmic 59.2%. Home crowd + surface + рекорд на этом турнире → value на хорвате."
2026-07-13,WTA 250 Iasi,Clay,Yulia Putintseva,Clara Burel,65,35,1.50,2.60,Пропуск,Нет (0.65*1.50=0.98),3,Не сыграно (иная сетка),"R1. Putintseva (KAZ) — top-50 клей-гриндер (кроме R2 RG-26), стабильно выигрывает у ниже-рейтинговых на грунте. Burel (FRA) — big-hitter, менее комфортна на медленном клее, слабее уровень 2026. Прогноз-модель даёт Putintseva 68.2%. Матч запланирован на 17:30. Value на грани, кэф уже учитывает."
2026-07-13,WTA 250 Iasi,Clay,Nadia Podoroska,Petra Marcinko,48,52,2.05,1.80,Пропуск,Нет (близко к 50/50),2,П2 2-6 6-3 4-6,"R1. Marcinko [2] — 20-летняя хорватка на подъёме, финал WTA 250 Eastbourne (проигрыш Maria) месяц назад. Podoroska (ARG) — SF Roland Garros-20, чистая клей-грайндер, но нестабильная форма в 2026. Marcinko выше по рейтингу и в лучшей форме; Podoroska опыт grand slam клей-специалист. Матч 50/50 с уклоном на Marcinko по форме. Value с обеих сторон отсутствует."
2026-07-13,ATP 250 Bastad,Clay,Hugo Gaston,Daniel Altmaier,45,55,2.05,1.80,Пропуск,Нет (близко к 50/50),2,П2 2-6 5-7,"R1. Gaston (FRA) — лефти-клей-артист (drop-shots, variety, углы), выиграл Bastad-23 полуфинал. Altmaier (GER) — грунт-специалист (RG-23 R3, TB Nadal), стабильный defensive baseliner. Оба mid-100 ATP, оба комфортны на клее. Матч непредсказуем — обе стороны с примерно равными шансами."
2026-07-14,ATP 250 Bastad,Clay,Nuno Borges,Moise Kouame,85,15,1.23,4.15,Пропуск,Нет (0.85*1.23=1.05),4,П1 6-4 6-2,"R1. Borges (POR, #52) — экс-чемпион Bastad-24 (обыграл Nadal в финале), клей — комфортное покрытие, R2 Wimbledon с падением к Sinner 3 тайбрейка. Kouame (FRA, 17 лет, #211 карьерный) — прорыв RG-26 R3, но серьёзная травма локтя после Парижа, вернулся в Braunschweig Challenger — проигрыш Hans 4-6 4-6 в 1R неделю назад. Класс/фитнесс/surface фит — всё за португальца, но кэф 1.23 не даёт value (~1.05). Пропуск."
2026-07-14,ATP 250 Bastad,Clay,Grigor Dimitrov,Dalibor Svrcina,55,45,1.44,2.75,Svrcina ML,Да (0.45*2.75=1.24),2,П1 7-6(5) 1-6 6-4,"R1. Dimitrov (BUL WC, #146 после падения) — 9-14 в 2026, 0-5 на клее в 2026 (тревожный сигнал), но только что героический матч vs Fery R4 Wimbledon 5 сетов. Svrcina (CZE, #114) — стабильный клей-грайндер, свежий проигрыш Dedura в Braunschweig 6-3 7-6(3). H2H 0-0. Букмекер учитывает класс Dimitrov (1.44), но клей — его хроническая слабость в 2026 (0-5!), а Svrcina реально в лучшей клей-форме. Математический value на чехе явный, но уверенность низкая — GS-опыт Dimitrov может решить."
2026-07-14,ATP 250 Bastad,Clay,Sebastian Baez,Max Dahlin,85,15,1.20,4.50,Пропуск,Нет (0.85*1.20=1.02),4,П1 4-6 6-4 6-1,"R1. Baez (ARG, #40, 8-й сеяный) — клей-специалист, титулы Rio-24, Cordoba-24, стабильный baseliner. Dahlin (SWE, WC, #~250) — первый ATP main-draw матч, шведский квалифай на домашних кортах. Baez должен доминировать движением и стабильностью с задней линии, но кэф 1.20 очень короткий — value фактически отсутствует."
2026-07-14,WTA 250 Athens,Hard,Barbora Krejcikova,Viktoriya Tomova,70,30,1.58,2.35,Krejcikova ML,Да (0.70*1.58=1.11),3,П1 straight sets,"R1. Krejcikova (CZE, экс-чемпион RG-21, Wimbledon-24, #3 сеяная) — только что сенсация Wimbledon-26 R2 (спасла 6 матчболов vs Andreeva). Tomova (BUL, #174) — H2H 2-0 Tomova (!) — оба матча на харде в 2024. Dimers даёт Krejcikova 85.9%, но H2H настораживает — обе встречи Tomova выиграла. Класс/GS-опыт/форма после Wimbledon дают value, но H2H сигнал слабости — уверенность средняя."
2026-07-14,WTA 250 Athens,Hard,Clara Tauson,Nao Hibino,82,18,1.14,5.50,Пропуск,Нет (0.82*1.14=0.93),4,П1 7-5 6-4,"R1. Tauson (DEN, #1 сеяная, топ-15) — big-hitter power-baseliner, любимое покрытие хард, после Wimbledon R3 в отличной форме. Hibino (JPN, #185, qualifier) — опытная 30-летняя ветеран, но класс несопоставим. Class gap огромен на харде, кэф 1.14 уже учитывает — value отсутствует."
2026-07-14,ATP 250 Bastad,Clay,Thiago Tirante,Sebastian Ofner,58,42,1.70,2.15,Пропуск,Нет (0.58*1.70=0.99),2,П2 6-3 6-4,"R1. Tirante (ARG, #~80, 7-й сеяный) — клей-специалист, solid 2026 клей-сезон. Ofner (AUT, #~120) — качественный клей-игрок, но нестабильный сезон. H2H неглубокий. Букмекер отдаёт предпочтение аргентинцу по форме на клее и рейтингу; матч close, value на грани — пропуск."
2026-07-14,ATP 250 Bastad,Clay,Daniel Altmaier,Hugo Gaston,52,48,1.85,1.95,Пропуск,Нет (близко к 50/50),2,П1 6-2 7-5,"R1. Altmaier (GER) — грунт-специалист (RG-23 R3, TB Nadal), стабильный defensive baseliner. Gaston (FRA) — лефти-клей-артист (drop-shots, variety, углы). Оба mid-100 ATP, оба комфортны на клее. Матч непредсказуем — обе стороны с примерно равными шансами. Кэфы отражают неопределённость, value отсутствует."
2026-07-15,ATP 250 Bastad,Clay,Andrey Rublev,Andrea Pellegrino,82,18,1.18,6.00,Пропуск,Нет (0.82*1.18=0.97),4,П1 7-6(3) 6-7(7) 6-3,"R16. Rublev #1 сеяный (#16 ATP), первый матч на турнире (bye). Pellegrino (ITA, #138) — прошёл Budkov Kjaer в R1, но серьёзной клей-формы против топ-30 в 2026 не показал. H2H 0-0. Клей — комфортное для Rublev покрытие (титул Monte Carlo-23, RG-25 R4), матч в первом матче после байа — риск rust, но class gap огромен. Кэф 1.18 уже учитывает — value отсутствует."
2026-07-15,ATP 250 Umag,Clay,Flavio Cobolli,Roman Andres Burruchaga,78,22,1.28,3.75,Пропуск,Нет (0.78*1.28=0.998),3,П2 6-2 6-4,"R16. Cobolli [1] #10 мира, финалист RG-26 (клей-специалист), первый матч на турнире (bye). Burruchaga (ARG, ~#100) — прошёл R1 квалифайер, клей-грайндер, но класс несопоставим. Cobolli недавно играл 4 сета в QF Wimbledon vs Fery (усталость), возможен ржавый первый матч. Кэф 1.28 уже учитывает превосходство — value на грани."
2026-07-15,WTA 250 Athens,Hard,Maria Sakkari,Harriet Dart,75,25,1.30,3.75,Sakkari ML,Слабый (0.75*1.30=0.975),4,П1 6-0 7-6(1),"R16. Sakkari [4] — домашний турнир, R1 6-0 7-6 vs Kudermetova (доминирующая форма), карьерный SF Athens-24. Dart (GBR, #~50) — прошла Hodzic 6-3 3-6 7-6 в 3 часа (усталость реальная), 4-матчевая серия проигрышей до этого. H2H 1-0 Sakkari. Home crowd + свежесть + surface fit + класс — Dimers 73%. Кэф 1.30 близок к справедливому, value ~0.98 — рекомендация условная, low value."
2026-07-15,WTA 250 Athens,Hard,Qinwen Zheng,Elena Micic,85,15,1.15,5.50,Пропуск,Нет (0.85*1.15=0.98),4,П1 6-4 6-1,"R16. Zheng (CHN) — Paris-2024 gold + AO-2024 финалистка, сейчас #135 после травм, но R1 7-5 6-1 vs Bouzas Maneiro (доминирующая форма возвращения). Micic (AUS, #~200) — первая tour-level победа карьеры vs Matoula 7-5 6-3, серия ITF в 2026. Class gap огромен на харде, кэф 1.15 не оставляет value."
2026-07-15,WTA 250 Athens,Hard,Alycia Parks,Mai Hontama,72,28,1.40,2.90,Пропуск,Нет (0.72*1.40=1.008; 0.28*2.90=0.81),2,П2 6-4 7-5,"R16. Parks (USA, #~40) — big-server power-baseliner, R1 straight sets vs Grammatikopoulou (хотя закрыла в TB). Hontama (JPN, #~100) — 0 tour-level побед в 2026, слабый сезон, но variety и стабильность с задней линии. Матч close по стилям (power vs consistency), Parks фаворит, но volatility её игры + инконсистентность 2026 держат уверенность низкой. Value на грани."
2026-07-15,WTA 250 Iasi,Clay,Petra Marcinko,Elina Avanesyan,45,55,2.10,1.75,Пропуск,Нет (0.55*1.75=0.96; 0.45*2.10=0.945),2,П1 7-6(3) 7-6(5),"R16. Marcinko [2] (CRO, 20 лет) — восходящий фаворит, прошла Podoroska 6-2 3-6 6-4 в R1 (3-сет драка, усталость). Avanesyan (RUS) — steady клей-грайндер, отличное движение и defensive skills на грунте, R1 победа. Стилевой контраст: Marcinko aggressive baseliner vs Avanesyan defender. H2H неглубокий. Обе стороны close (implied 47/53), value отсутствует — пропуск."
2026-07-15,WTA 250 Athens,Hard,Sara Bejlek,Lilli Tagger,62,38,1.60,2.30,Пропуск,Нет (0.62*1.60=0.99),2,П1 6-0 7-5,"R16. Bejlek (CZE, 19) — растущая талантливая CZE юниорка, стабильная форма 2026. Tagger (AUT, 17) — молодая талант с юниорского уровня, но опыт tour-level минимальный. Bejlek фаворит по опыту и рейтингу, но обе молодые — volatility. Кэф 1.60 близок к справедливому, value отсутствует."
2026-07-16,ATP 250 Bastad,Clay,Andrey Rublev,Andrea Pellegrino,82,18,1.18,5.50,Пропуск,Нет (0.82*1.18=0.97),4,П1 7-6(3) 6-7(7) 6-3,"R16. Rublev [1] #16 ATP, чемпион Monte Carlo-23 и R4 RG-25, клей — комфортное покрытие. Первый матч после байа (риск rust). Pellegrino (ITA, #138) — прошёл Budkov Kjaer в R1 (6-3 6-2), но серьёзной клей-формы против топ-30 в 2026 не показал. H2H 0-0. Class gap огромен, кэф 1.18 уже учитывает — value отсутствует."
2026-07-16,ATP 250 Gstaad,Clay,Casper Ruud,Jaime Faria,82,18,1.20,4.50,Пропуск,Нет (0.82*1.20=0.98),4,П1 6-4 6-2,"R16. Ruud [2] — 2х чемпион Gstaad (21/22), 16-5 на клее в 2026, топ-топспин и высотная альпийская клей — идеал. Faria (POR, #~120) — упсет Wawrinka 6-7(8) 6-4 6-4 в R1, но R16 против элитного клеевика на высоте — совсем другой уровень. H2H 1-0 Ruud (2024 Davis Cup). Class/surface/H2H — всё за норвежца, кэф уже учитывает."
2026-07-16,ATP 250 Gstaad,Clay,Alexander Bublik,Quentin Halys,58,42,1.55,2.45,Halys ML,Да (0.42*2.45=1.03),2,П1 6-3 3-6 7-6(6),"R16. Bublik [1] — 2х чемпион Halle (24/25), grass-специалист элита, но клей — его слабейшее покрытие (карьерный ~45%). Halys (FRA, #~65) — прошёл Cina 3 сета в R1, сервис-плюс-форхенд, комфортен на клее (клей-серия из челленджеров в 2025). H2H 0-0. Букмекеры сделали Bublik фаворитом по классу, но surface перевешивает — value на французе, но уверенность низкая — Bublik может решить сервисом даже на клее."
2026-07-16,ATP 250 Gstaad,Clay,Juan Manuel Cerundolo,Miomir Kecmanovic,55,45,1.80,2.05,Пропуск,Нет (близко к 50/50),2,П1 4-6 6-3 6-4,"R16. J. Cerundolo (ARG, #6 сеяный, ~#75 ATP) — клей-специалист (карьерный ~65% на грунте), любит альпийские условия. Kecmanovic (SRB, #~55) — стабильный all-court, но клей не сильнейшее покрытие в 2026. H2H неглубокий. Обе стороны close, кэфы близки к справедливым — value отсутствует."
2026-07-16,WTA 250 Athens,Hard,Clara Tauson,Sara Bejlek,70,30,1.36,3.20,Пропуск,Нет (0.70*1.36=0.95),3,П1 6-2 6-3,"QF. Tauson [1] — #14 WTA, big-hit power-baseliner, любимое покрытие хард. R1 upset-угроза Hibino 7-5 6-4 (шатко в 1 сете), R2 Tona 7-6(2) 5-7 6-2 в 3 сетах (усталость). Bejlek [5] (CZE, 19 лет) — растущая талант, R1 Morvayova 6-0 7-5, R2 Tagger 6-0 7-5 (доминирующие проходы). H2H 0-0. Class/hard-form/experience за датчанкой, но Tauson в 3 сетах подряд + Bejlek в горячей форме — кэф уже учитывает."
2026-07-16,WTA 250 Athens,Hard,Maria Sakkari,Alycia Parks,60,40,1.55,2.45,Пропуск,Нет (0.60*1.55=0.93),3,П1 6-4 6-3,"QF. Sakkari [4] — домашний турнир, разнесла Dart 6-0 7-6(1) в R2 (доминирующая форма), карьерный SF Athens-24, home crowd — огромное преимущество. Parks (USA, #~40) — big-server power-baseliner, но R2 в 3 сетах vs Hontama (усталость реальная), в 2026 сезон нестабильный. H2H 1-0 Sakkari (Индиан Уэллс-24 straight sets). Форма/surface/home/H2H — всё за гречанкой, но кэф уже учитывает — value отсутствует."
2026-07-16,WTA 250 Athens,Hard,Barbora Krejcikova,Qinwen Zheng,42,58,2.10,1.75,Zheng ML,Да (0.58*1.75=1.02),3,П1 6-4 6-4,"QF. Krejcikova [3] — экс-чемпион Wimbledon-24, RG-21, только что героический R2 Wimbledon-26 (спасла 6 матчболов vs Andreeva), но серия травм в 2026 — 2 матча всего в турнире (Tomova 2 сета, Monnet 4-6 6-2 7-6(10) — 3 сета усталость). Zheng (CHN, #135) — Paris-2024 gold + AO-2024 финалистка, возвращается после травм, 2 straight-sets прохода (Bouzas Maneiro, Micic 6-4 6-1), первые back-to-back победы за 2 месяца. H2H 2-0 Zheng (1-0 на харде GS). Форма/H2H/surface — всё за китаянкой, слабый value математически."
2026-07-17,ATP 250 Gstaad,Clay,Alexander Bublik,Arthur Rinderknech,55,45,1.65,2.30,Пропуск,Нет (0.55*1.65=0.91),2,Не сыграно (Bublik вылетел R2),"QF. Bublik [1] — 2х чемпион Gstaad (24/25), защита титула, big-server сервис-плюс, но клей — слабейшее покрытие. R2 3 сета vs Halys (6-3 3-6 7-6(6), усталость). Rinderknech [4] (FRA) — тоже пережил 3-сет драму vs Kym (7-6(3) 2-6 7-6(5)), лефти-сервис, комфортен на альпийском клее. H2H неглубокий. Обе стороны истощены R2, class gap невелик — матч close. Букмекеры дают Bublik фаворитом по классу/титульной серии, но surface + свежесть Rinderknech равнозначны. Value отсутствует."
2026-07-17,ATP 250 Gstaad,Clay,Valentin Vacherot,Juan Manuel Cerundolo,42,58,2.10,1.75,Cerundolo ML,Да (0.58*1.75=1.015),3,Не сыграно (разные половины сетки),"QF. Vacherot [3] (MON) — Шанхай-25 чемпион, но клей не сильнейшее покрытие, стабильный all-court. Cerundolo (ARG) — клей-специалист (карьерный ~65%), R2 4-6 6-3 6-4 vs Kecmanovic (comeback после потери сета), любит альпийские условия/высоту. H2H неглубокий. Surface + форма + опыт на клее — всё за аргентинцем; букмекеры дали Vacherot фаворитом по рейтингу, но surface fit перевешивает. Слабый positive value."
2026-07-17,WTA 250 Iasi,Clay,Petra Marcinko,Tamara Zidansek,58,42,1.65,2.20,Marcinko ML,Слабый (0.58*1.65=0.96),2,П2 7-6(5) 6-7(5) 7-5,"QF. Marcinko [2] (CRO, 20 лет) — прошла Podoroska (3 сета) и Avanesyan (7-6(3) 7-6(5), 2ч12 min — накопительная усталость). Восходящий фаворит, aggressive baseliner. Zidansek (SLO, экс-SF RG-21) — опытный клей-игрок, стабильные R1-R2 победы, класс/опыт в GS. H2H 1-0 Marcinko. Дан 65.8% модель Dimers. Обе на клее, class gap невелик. Value математически на грани — букмекер уже учёл фаворитизм CRO, но фатига после 2ч12min — риск."
2026-07-17,ATP 250 Umag,Clay,Alejandro Davidovich Fokina,Alex Molcan,62,38,1.55,2.45,Davidovich Fokina ML,Слабый (0.62*1.55=0.96),3,П2 3-6 6-1 6-2,"QF. Davidovich Fokina [2] (ESP, #~30) — клей-специалист, хороший defender + drop-shots + variety, стабильная 2026 клей-серия. R2 hustled Trungelliti в 2 сетах. Molcan (SVK) — лефти-клей-игрок, опасный на клее, но менее стабилен рейтингом. Dimers дал ADF 58.4%, market cut Molcan с +155 на +126 (public/sharp support). H2H 1-1. Class + surface + форма за ADF, но Molcan лефти-угол — не туристический матч. Value отсутствует, но пик уверенности выше среднего."
2026-07-17,ATP 250 Umag,Clay,Matteo Arnaldi,Damir Dzumhur,60,40,1.60,2.35,Пропуск,Нет (0.60*1.60=0.96),2,П2 7-6(5) 6-7(4) 7-6(4),"QF. Arnaldi [4] (ITA, #~45) — solid clay-court baseliner, стабильные R1-R2 победы. Dzumhur (BIH, ветеран) — variety-master, опасный аутсайдер, комфортен на клее. H2H 1-0 Arnaldi. Class + рейтинг за итальянцем, но Dzumhur — coming back в форме, capable of upsetting. Матч близок к 60/40 — value отсутствует, кэф справедливый."
2026-07-17,ATP 250 Umag,Clay,Camilo Ugo Carabelli,Roman Andres Burruchaga,48,52,1.95,1.85,Пропуск,Нет (близко к 50/50),2,П2 6-2 2-6 6-3,"QF. Ugo Carabelli (ARG, #~65) — клей-специалист, стабильный клей-грайндер. Burruchaga (ARG, #~100) — SHOCK-победитель top-seed Cobolli в R2 (6-2 6-4, 'one of the best matches of the year'), огромный momentum boost. H2H 6-й раз в карьере, previously 3-3 близкий. Оба ARG клей-специалисты, стилистически похожие. Момент Burruchaga + surface comfort + inter-Argentine equilibrium → истинно 50/50. Кэфы отражают неопределённость, value отсутствует."
2026-07-18,ATP 250 Bastad,Clay,Andrey Rublev,Alejandro Tabilo,55,45,1.72,2.10,Пропуск,Нет (0.55*1.72=0.95),3,П1 6-4 4-6 6-4,"SF. Rublev [1] #16 ATP, 22-13 в 2026 (12-5 на клее), разнёс Baez 6-1 6-2 в QF (доминирующая форма). Tabilo [3] #31 ATP, 31-18 в 2026 (25-10 на клее), 10-матчевая серия побед, получил walkover от Tirante в QF (свежий). H2H 1-1 (никогда на клее в турнирах). Класс за русским, но surface stats + свежесть + hot streak за чилийцем. Матч close, кэф справедливый — value отсутствует."
2026-07-18,ATP 250 Bastad,Clay,Luciano Darderi,Adolfo Daniel Vallejo,72,28,1.30,3.60,Пропуск,Нет (0.72*1.30=0.94),3,П1 6-4 6-7(11) 6-3,"SF. Darderi [2] — действующий чемпион Bastad-25, разнёс Borges 7-6(9) 6-4 в QF (переиграл сложный H2H 0-3), клей — комфортное покрытие, топ-form. Vallejo (PAR, 19, #~150) — сказочный прорыв (Basilashvili, Baena, Travaglia 7-6(5) 6-2), 4 победы подряд, huge momentum. H2H 0-0. Class + surface + защита титула + опыт за итальянцем; кэф уже учитывает — value отсутствует."
2026-07-18,ATP 250 Gstaad,Clay,Juan Manuel Cerundolo,Raphael Collignon,62,38,1.60,2.35,Cerundolo ML,Слабый (0.62*1.60=0.99),3,П2 1-6 7-6(5) 7-5,"SF. Cerundolo [6] — единственный оставшийся top-seed после серии upsets. Разнёс Ruud 3-6 7-5 6-2 в QF (переиграл 2х чемпиона Gstaad; H2H 2-0 vs Ruud). Collignon [7] (BEL) — 15-3 на клее в 2026, апсет Vacherot 7-6(7) 4-6 7-5 (2ч+ усталость). H2H 3-0 Cerundolo (последний — Bordeaux Challenger F 5-7 6-1 7-6(4)). Class + H2H + свежесть за аргентинцем; кэф уже учитывает."
2026-07-18,ATP 250 Gstaad,Clay,Aleksandr Shevchenko,Stefanos Tsitsipas,28,72,3.50,1.36,Пропуск,Нет (0.72*1.36=0.98),4,П2 6-4 3-6 6-3,"SF. Tsitsipas — экс-#3 ATP, финалист RG-21, разнёс Rinderknech 6-3 6-3 в QF (доминирующая форма). Клей — второе покрытие для грека, титул Monte Carlo-22 в анамнезе. Shevchenko (KAZ, unseeded) — surprising QF-run, апсет Halys 7-6(5) 6-3, но tour-level класс несопоставим. H2H неглубокий. Class + опыт + form за греком, кэф уже учитывает."
2026-07-18,WTA 250 Iasi,Clay,Paula Badosa,Tamara Zidansek,62,38,1.50,2.55,Пропуск,Нет (0.62*1.50=0.93),3,П1 6-4 7-6(2),"SF. Badosa — экс-#2 WTA, возвращение после травм, прошла Udvardy в 2 сетах, первый WTA SF с AO-25. Zidansek (SLO, #148) — 2021 SF RG, клей — любимое покрытие, upset Marcinko 7-6(5) 6-7(5) 7-5 (2ч30+, 3-й подряд 3-сет матч → накопительная усталость). H2H 1-0 Zidansek (RG-21 QF 8-6 в 3-м, 5 лет назад). Класс + свежесть за испанкой; fatigue-фактор Zidansek только увеличивает edge Badosa — кэф уже учитывает."
2026-07-18,WTA 250 Iasi,Clay,Oleksandra Oliynykova,Mayar Sherif,62,38,1.60,2.30,Oliynykova ML,Слабый (0.62*1.60=0.99),3,П2 6-2 3-6 7-6(5),"SF. Oliynykova [3] — не отдала ни сета всю неделю, стабильна на клее. Sherif (EGY) — 13-матчевая клей-серия побед во всех соревнованиях, апсет Putintseva в 3 сетах (2ч+ усталость), первый tour-level SF с 2024. H2H 3-0 Oliynykova (2-0 на клее в major tournaments, включая свежую победу в этом сезоне). Class + H2H + свежесть за украинкой; hot form Sherif против серьёзной статистики. Value на грани."
2026-07-18,WTA 250 Athens,Hard,Barbora Krejcikova,Clara Tauson,42,58,2.20,1.65,Пропуск,Нет (0.42*2.20=0.92),3,П1 6-1 4-6 6-3,"SF. Tauson [1] #14 WTA — big-hit power-baseline, хард — любимое покрытие, разнесла Bejlek 6-2 6-3 в QF (доминация всю неделю). Krejcikova [3] — 2x GS-чемпион (Wimbledon-24, RG-21), драматичная 6-4 6-4 победа над Zheng (H2H был 0-2 в её пользу), но серия травм в 2026 и 3 подряд 3-сетовых матча в турнире (усталость). H2H 1-1 (1-0 Tauson на харде). Surface + form + свежесть за датчанкой, кэф уже учитывает."
2026-07-18,WTA 250 Athens,Hard,Maria Sakkari,Alina Korneeva,75,25,1.32,3.50,Пропуск,Нет (0.75*1.32=0.99),4,П1 6-1 7-5,"SF. Sakkari [4] — домашний турнир (Athens, Greece), в горячей форме: Kudermetova 6-1 6-2, Dart 6-0 7-6(1), Parks 6-4 6-3 (доминация всю неделю), карьерный SF Athens-24. Korneeva (RUS, 19) — молодой рост, апсет Li в QF, но tour-level класс несопоставим. H2H 0-0. Home crowd + form + класс за гречанкой, кэф уже учитывает — value отсутствует."
2026-07-19,ATP 250 Bastad,Clay,Andrey Rublev,Luciano Darderi,58,42,1.55,2.50,Пропуск,Слабый (0.42*2.50=1.05),3,П1 6-4 6-3,"Финал. Rublev [1] #16 ATP — экс-чемпион Bastad-23, снёс Baez 6-1 6-2 и Tabilo 6-4 4-6 6-4 в SF (~2ч свежее). Darderi [2] защищает титул-25, 8-0 lifetime в Bastad, драматичный 2ч58м SF vs Vallejo (спас 3 MP). H2H 1-0 Rublev (Hamburg-25 QF 6-1 3-6 6-3 на клее). Клей — пиковое покрытие Darderi (~64% career), но накопительная усталость реальная. Тонкий мат-value на итальянца, но уверенность средняя."
2026-07-19,ATP 250 Gstaad,Clay,Stefanos Tsitsipas,Raphael Collignon,68,32,1.40,2.85,Пропуск,Нет (0.68*1.40=0.95; 0.32*2.85=0.91),3,П1 6-4 6-7(3) 6-3,"Финал. Tsitsipas — экс-#3 ATP, 12х чемп, first ATP-final since Dubai-25, 10-match streak, разнёс Rinderknech 6-3 3-6 6-3 и Shevchenko 6-4 3-6 6-3 в SF. Клей — сильное покрытие (титул Monte Carlo-22, финалист RG-21). Collignon (BEL, #42) — 34-12 в 2026 (15-3 clay), DEBUT ATP final, saved MP в SF vs Cerundolo 1-6 7-6(5) 7-5. H2H 0-0. Класс/опыт финалов за греком; momentum+свежесть за бельгийцем — кэф уже учитывает."
2026-07-19,WTA 250 Iasi,Clay,Paula Badosa,Mayar Sherif,58,42,1.55,2.45,Пропуск,Слабый (0.42*2.45=1.03),2,П1 6-3 6-1,"Финал. Badosa — экс-#2 WTA, 19-15 в 2026 (10-4 clay), возвращение после травм; прошла Kalinina 6-3 6-1 и SF в 2 сетах 6-4 7-6(2). Sherif (EGY) — 13-матчевая клей-серия (challenger+WTA), апсет Putintseva 6-2 3-6 7-6(5) в SF, первый tour-final с 2024. H2H неглубокий. Класс/GS-опыт за испанкой; momentum и surface-comfort за египтянкой. Матч close, мат-value на грани — пропуск."
2026-07-19,WTA 250 Athens,Hard,Maria Sakkari,Barbora Krejcikova,55,45,1.55,2.40,Krejcikova ML,Слабый (0.45*2.40=1.08),2,П2 7-6(5) 6-3,"Финал. Sakkari (GRE) — домашний Athens, не отдала сета всю неделю (Kudermetova 6-1 6-2; Dart 6-0 7-6(1); Parks 6-4 6-3; Korneeva 6-1 7-5), карьерный SF Athens-24. Krejcikova — 2х GS чемпион (Wimbledon-24, RG-21), 6-4 6-4 vs Zheng в QF, ended Tauson-run в SF. Серия травм в 2026 и накопительная усталость от 3-сетовых матчей. H2H близкий. Home crowd+свежесть за гречанкой; GS-опыт+матч-опыт финалов за чешкой — тонкий math-value на underdog."
2026-07-20,WTA 250 Prague,Hard,Barbora Krejcikova,Linda Havlickova,62,38,1.25,3.80,Havlickova ML,Слабый (0.38*3.80=1.44),2,П1 6-2 6-4,"R1. Krejcikova [2] — только что выиграла финал Athens в воскресенье вечером (7-6(5) 6-3 vs Sakkari), 4 матча за неделю, ночной перелёт Athens→Prague, играет Monday morning — экстремальный scheduling/fatigue flag. Havlickova (CZE, wildcard, 17 лет) — home crowd, дебют tour-level, класс несопоставим. На бумаге Krejcikova огромный фаворит, но накопительная усталость + travel — реальный edge underdog. Кэф на чешскую тинейджерку матемically даёт value, но уверенность низкая."
2026-07-20,WTA 250 Prague,Hard,Marie Bouzkova,Jessica Bouzas Maneiro,70,30,1.40,3.00,Пропуск,Нет (0.70*1.40=0.98),4,П1 7-5 7-5,"R1. Bouzkova [1] — действующая чемпионка Prague-25, хард — комфортное покрытие, flat low-error baseline. Home crowd Praha. Bouzas Maneiro (ESP, Q) — клей-специалист, прошла квалификацию, tour-level хард — не сильнейшая среда. Модель Dimers даёт 69% Bouzkova. Класс + surface + home + defending title — всё за чешкой; кэф уже учитывает — value отсутствует, но исход почти ясен."
2026-07-20,WTA 250 Prague,Hard,Sara Bejlek,Kalinskaya,60,40,1.65,2.20,Пропуск,Нет (0.60*1.65=0.99),2,Не сыграно (иная сетка),"R1. Bejlek [3] (CZE) — молодая чешка в домашней форме (недавние QF/SF на харде), home crowd Praha, aggressive baseline. Blinkova (RUS) — опытная, но 2026 форма нестабильная, tour-level возвращение. H2H неглубокий. Home advantage + hot form + surface fit за чешкой; ветеранская упругость Blinkova — риск. Кэф справедливый — value отсутствует."
2026-07-20,ATP 250 Kitzbuhel,Clay,Juan Manuel Cerundolo,Marco Trungelliti,75,25,1.28,3.75,Пропуск,Нет (0.75*1.28=0.96),4,"Не сыграно (сдвиг: сыграно 21.07, П2 6-2 6-1)","R1. J.M. Cerundolo [8] (ARG) — чистый клей-специалист, только что играл SF Gstaad (проиграл Tsitsipas 6-4 6-7 7-5), но получил walkover-опыт альпийского клея, hot form на клее. Trungelliti (ARG, LL/wildcard) — journeyman, не туровый уровень. H2H неглубокий. Class + surface + текущая форма + опыт альпийского клея — всё за сеянным. Кэф уже учитывает — value отсутствует."
2026-07-20,ATP 250 Kitzbuhel,Clay,Facundo Diaz Acosta,Alex Molcan,60,40,1.55,2.45,Пропуск,Нет (0.60*1.55=0.93),2,Не сыграно (иная сетка),"R1. Diaz Acosta (ARG) — solid клей-грайндер challenger-tour, стабильный baseline. Molcan (SVK, Q) — лефти-клей-игрок, недавно упсетнул Davidovich Fokina в Umag QF (3-6 6-1 6-2, сильная форма); прошёл квалификацию Kitzbuhel — свежая победа. Лефти-угол на альпийском клее опасен. Class + surface — за аргентинцем; momentum + лефти + свежесть — за словаком. Кэф уже отражает favoritism. Value нет."
2026-07-20,ATP 250 Kitzbuhel,Clay,Daniel Altmaier,Raphael Collignon,62,38,1.75,2.10,Altmaier ML,Да (0.62*1.75=1.085),3,"Не сыграно (сдвиг: сыграно 21.07, П1 6-3 6-2)","R1. Altmaier (GER) — европейский клей-грайндер, стабильные результаты на медленном альпийском клее, отдохнувший (не играл прошлый week). Collignon (BEL) — накануне играл ATP Gstaad FINAL и проиграл Tsitsipas в 3 сетах 6-4 6-7(3) 6-3 (~2ч15м), ночной трансфер Gstaad→Kitzbuhel + Monday R1 — экстремальный fatigue. H2H неглубокий. Класс close, но свежесть + surface comfort за немцем даёт положительный edge — тонкий, но реальный value."
2026-07-21,ATP 250 Kitzbuhel,Clay,Juan Manuel Cerundolo,Marco Trungelliti,75,25,1.28,3.75,Пропуск,Нет (0.75*1.28=0.96),4,П2 6-2 6-1,"R1. J.M. Cerundolo [8] (ARG) — специалист по клею, hot form (SF Gstaad неделю назад, проиграл Tsitsipas в 3 сетах). Trungelliti (ARG) — journeyman ~ATP 200, редко играет tour-level. H2H неглубокий. Class + surface + hot form — за сеянным. Кэф уже отражает — value отсутствует, но исход почти ясен."
2026-07-21,ATP 250 Kitzbuhel,Clay,Daniel Altmaier,Raphael Collignon,65,35,1.72,2.15,Altmaier ML,Слабый (0.65*1.72=1.12),3,П1 6-3 6-2,"R1. Altmaier (GER) — европейский клей-грайндер, стабильный на медленном альпийском клее, отдохнувший (не играл на прошлой неделе). Collignon (BEL) — играл ATP Gstaad FINAL 19 июля и проиграл Tsitsipas в 3 сетах 6-4 6-7(3) 6-3 (~2ч15м), переезд Gstaad→Kitzbuhel + Tuesday R1 = кумулятивная усталость. H2H неглубокий. Свежесть + surface comfort за немцем — реальный edge."
2026-07-21,ATP 250 Kitzbuhel,Clay,Alex Molcan,Sebastian Ofner,48,52,2.00,1.80,Пропуск,Нет (близко к 50/50),2,П1 straight sets,"R1. Molcan (SVK, Q) — лефти-клей-игрок, недавно upset Davidovich Fokina в Umag и прошёл квалификацию Kitzbuhel — очень хорошая форма. Ofner (AUT) — home crowd в Austria, но в 2026 не в лучшей форме. Dimers даёт 53% Molcan. Матч плотный, кэф справедлив. Value нет."
2026-07-21,ATP 250 Kitzbuhel,Clay,Jan-Lennard Struff,Aleksandr Shevchenko,55,45,1.72,2.10,Пропуск,Нет (0.55*1.72=0.95),2,П1 3-6 7-6(5) 6-4,"R1. Struff (GER) — только что QF Wimbledon, big serve на медленном клее менее эффективен, но опыт и класс. Shevchenko (KAZ) — SF Gstaad прошлую неделю, hot form на альпийском клее, но fatigue. H2H 2-0 в пользу Struff. Dimers даёт 55% Struff — кэф справедливый, value отсутствует."
2026-07-21,WTA 250 Prague,Hard,Sara Bejlek,Anna Blinkova,60,40,1.65,2.20,Пропуск,Нет (0.60*1.65=0.99),3,П1 6-7 7-6 6-3,"R1. Bejlek [3] (CZE) — молодая чешка, home crowd Praha, aggressive baseline игра — хард комфортное покрытие. Blinkova (RUS #102) — опытная, взяла последнюю H2H встречу (Brisbane 2024, 6-1 7-6). H2H 1-1. Home advantage + возрастная кривая за чешкой; ветеранская упругость Blinkova — реальный риск. Кэф справедливый — value отсутствует."
2026-07-21,WTA 250 Hamburg,Clay,Oleksandra Oliynykova,Ella Seidel,65,35,1.55,2.45,Oliynykova ML,Слабый (0.65*1.55=1.008),3,"Не сыграно (иная сетка, Oliynykova d. Schunk)","R1. Oliynykova [1] (UKR) — топ-сеянная, стабильный клей-игрок, хорошая форма летом 2026. Seidel (GER, WC) — молодая немка, home crowd Hamburg, но tour-level ограничен. Class + surface fit за украинкой; wildcard-запал Seidel — риск. Кэф чуть длинноват, слабый positive edge."
2026-07-21,ATP 250 Estoril,Clay,Stan Wawrinka,Roman Andres Burruchaga,40,60,2.35,1.60,Пропуск,Нет (0.60*1.60=0.96),2,П2 6-4 4-6 6-3,"R1. Wawrinka (SUI, 41 лет, WC) — прощальный турнир, эмоциональный контекст, но реальный уровень уже challenger-tier. Burruchaga (ARG) — клей-специалист, стабильный на медленном грунте, серия неплохих результатов. Class age gap + surface — за аргентинцем; но Wawrinka на классовой волне может дать бой в одном сете. Кэф справедлив, value отсутствует."
2026-07-22,ATP 250 Kitzbuhel,Clay,Arthur Rinderknech,Sebastian Baez,58,42,1.60,2.30,Rinderknech ML,Слабый (0.58*1.60=0.93),2,П2 3-6 6-3 6-4,"R2. Rinderknech [3] — свежий после bye в R1, отличный турнир-рекорд (никогда не проигрывал до QF в Kitzbuhel), большая подача особенно опасна на альтитюде. Baez — бывший чемпион, но ~2ч изнурительной 3-сетовой борьбы vs Kecmanovic в R1 (усталость), сильнее на медленном клее. Свежесть + альтитюда + surface для big-server → edge Rinderknech. Матч close, кэф уже отражает — value слабый, скорее пропуск."
2026-07-22,ATP 250 Kitzbuhel,Clay,Yannick Hanfmann,Marco Trungelliti,60,40,1.62,2.30,Hanfmann ML,Слабый (0.60*1.62=0.97),3,П1 6-4 7-6(2),"R2. Hanfmann — Kitzbuhel фаворит по резюме (несколько глубоких заходов), большая подача исключительно эффективна на альтитюде: 16 эйсов за 2 сета vs Neumayer в R1, всего 3 очка проиграно на первой подаче. Trungelliti — свежий после разгрома Cerundolo 6-2 6-1 в R1, вариативная игра подходит быстрым условиям, но подача Hanfmann на этой высоте — оружие. Класс + альтитюда + подача → умеренный edge немцу; value на грани."
2026-07-22,ATP 250 Estoril,Clay,Nuno Borges,Roman Andres Burruchaga,68,32,1.45,2.75,Пропуск,Нет (0.68*1.45=0.99),4,П2 6-1 4-6 6-3,"R2. Borges [5] — домашний португалец, разнёс Luz 6-3 6-3 в R1 без потерь подачи, все-корт стиль + heavy forehand. Burruchaga — 2ч28м апсет Wawrinka 6-4 4-6 6-3 в R1 (реальная усталость), клей-специалист, но vs top-50 менее уверен. Класс/дом/свежесть за португальцем; кэф уже учитывает — value отсутствует."
2026-07-22,ATP 250 Estoril,Clay,Andrey Rublev,Jesper de Jong,78,22,1.28,3.75,Пропуск,Нет (0.78*1.28=1.00),4,Не сыграно (de Jong вылетел R1 от Skatov 1-6 6-4 6-3; Rublev vs Skatov 23.07),"R2. Rublev [1] #16 ATP — экс-чемпион Bastad-26, отдохнувший после bye, клей-баттлер. de Jong (NED, ~#80) — steady defender, прошёл R1, но vs top-20 клей-элит несопоставим. H2H неглубокий. Класс + surface fit за русским; кэф уже учитывает."
2026-07-22,WTA 250 Prague,Hard,Marie Bouzkova,Young Suh Lee,80,20,1.20,4.50,Пропуск,Нет (0.80*1.20=0.96),4,П1 7-5 6-4,"R2. Bouzkova [1] — действующая чемпионка Prague-25, home crowd, low-error flat baseline. Y.S. Lee (KOR, wildcard) — прошла R1, но tour-level уровень на харде vs top-30 не сопоставим. Класс + home + surface + защита титула → доминирование; value отсутствует."
2026-07-22,WTA 250 Prague,Hard,Sara Bejlek,Kamilla Rakhimova,55,45,1.72,2.10,Пропуск,Нет (0.55*1.72=0.95),2,Не сыграно (иная сетка; Bejlek vs Timofeeva 23.07),"R2. Bejlek [3] — молодая чешка (19 лет) на подъёме, home crowd Praha, aggressive baseline, только что 3-сетовая победа vs Blinkova 6-7 7-6 6-3 (~2:30, усталость). Rakhimova (или альтернативная опп-квалифайер) — опытный тур-игрок, хард комфортное покрытие. Матч close, кэф справедливый — value отсутствует, пропуск."
2026-07-22,WTA 250 Hamburg,Clay,Anhelina Kalinina,Sinja Kraus,70,30,1.40,2.90,Kalinina ML,Слабый (0.70*1.40=0.98),3,Не сыграно (иная сетка; Kalinina d. Carle 6-1 6-3 в R2),"R2. Kalinina [2] (UKR) — левша, разнесла Quevedo 7-5 6-4 в R1, клей — comfortable покрытие. Kraus [8] (AUT) — home-region, прошла R1, но vs top-50 клеевик редко апсетит. H2H неглубокий. Класс + surface + серв за украинкой; value на грани, но уверенность выше средней."
2026-07-23,ATP 250 Kitzbuhel,Clay,Alexander Bublik,Alex Molcan,45,55,1.65,2.20,Molcan ML,Да (0.55*2.20=1.21),3,П1 6-3 6-2,"QF. Bublik [1] — действующий чемпион Kitzbuhel-25, но клей исторически его слабейшее покрытие (карьерный ~45%), 2х Halle grass-титульник. В R2 3 сета vs Halys 6-3 3-6 7-6(6) (~2ч15м, усталость + невынужденные). Molcan (SVK, Q, лефти) — прошёл квалификацию + upset Ofner в R1 + Etcheverry в R2, в отличной клей-форме, H2H 1-0 (Munich-26 R1 6-4 6-2). Свежести чуть больше, лефти-угол на медленном альпийском клее опасен для big-server. Surface + H2H + form → value на словаке."
2026-07-23,ATP 250 Kitzbuhel,Clay,Sebastian Baez,Yannick Hanfmann,58,42,1.72,2.10,Пропуск,Нет (0.58*1.72=1.00),3,П2 6-3 6-1,"QF. Baez (ARG) — бывший чемпион Kitzbuhel, чистый клей-специалист, но R1 vs Kecmanovic 3 сета и R2 vs Rinderknech 6-3 3-6 6-4 (кумулятивная усталость ~4ч30м). Hanfmann (GER) — big-server, идеален на альпийской альтитюде (16 эйсов в R1), R2 быстрая победа vs Trungelliti 6-4 7-6(2) (свежее). H2H 1-1. Surface fit чуть больше у аргентинца, свежесть — у немца. Value близко к 1.00 → пропуск."
2026-07-23,ATP 250 Estoril,Clay,Andrey Rublev,Timofey Skatov,80,20,1.22,4.30,Пропуск,Нет (0.80*1.22=0.98),4,П1 6-1 6-1,"R16. Rublev [1] — свежее после bye в R1 + только что взял титул Bastad-26 (финал 6-4 6-3 vs Darderi 19.07), огромный momentum, топ-16 ATP. Skatov (KAZ, #~120) — 3-сетовая борьба vs de Jong 1-6 6-4 6-3 в R1 (~2:15 усталость), карьерный без ATP-побед над топ-30. H2H 0-0. Class + свежесть + momentum за русским; кэф 1.22 короткий, value отсутствует."
2026-07-23,WTA 250 Prague,Hard,Barbora Krejcikova,Lucie Havlickova,65,35,1.36,3.20,Havlickova ML,Слабый (0.35*3.20=1.12),2,П1 6-4 6-2,"R2. Krejcikova [2] — 2х GS-чемп (Wimbledon-24, RG-21), только что чемпион Athens-25/26 (финал 7-6(5) 6-3 vs Sakkari 19.07), затем R1 Prague 21/22.07 — 4-й матч за 6 дней + ночной перелёт Athens→Prague, экстремальная усталость. Havlickova (LL, home CZE) — свежая тинейджерка, home crowd, минимальный tour-level опыт. Класс/GS-опыт за чешкой, но накопительная усталость реальна — value математически есть, уверенность низкая."
2026-07-23,WTA 250 Prague,Hard,Sara Bejlek,Maria Timofeeva,48,52,1.85,1.90,Timofeeva ML,Слабый (0.52*1.90=0.99),2,П1 6-1 6-1,"R2. Bejlek [3] (CZE, 19) — home Praha, aggressive baseline, но R1 vs Blinkova 7-6(9) 3-6 6-1 (~2:30, усталость реальная). Timofeeva (RUS) — прошла Sasnovich 6-3 6-4 в R1 (straight sets, свежая), опытная тур-игрок с variety, комфортна на харде. H2H неглубокий. Свежесть за русской, home advantage за чешкой; матч close, value на грани — пропуск."
2026-07-23,WTA 250 Hamburg,Clay,Anhelina Kalinina,Tamara Korpatsch,68,32,1.44,2.75,Пропуск,Нет (0.68*1.44=0.98),4,Не сыграно (иная сетка/дата; Korpatsch d. Kalinina 6-3 1-6 6-1 в QF 24.07),"QF. Kalinina [2] (UKR) — лефти-клей-игрок, разнесла Quevedo 7-5 6-4 в R1 и Carle 6-1 6-3 в R2 (доминирующая форма, свежая). Korpatsch (GER, home crowd) — прошла all-German derby vs Stusek в R2, но качество ниже чем у Kalinina. H2H 1-0 Kalinina (Hamburg-24 QF straight sets). Class + H2H + surface fit + свежесть за украинкой; кэф уже учитывает — value отсутствует."
2026-07-23,WTA 250 Hamburg,Clay,Paula Badosa,Panna Udvardy,68,32,1.44,2.75,Пропуск,Нет (0.68*1.44=0.98),3,П1 6-4 6-1,"R2. Badosa (ESP, экс-#2) — возвращение после травм, R1 vs Kawa 7-5 6-4 (~1:50), финал Iasi неделю назад (проиграла Sherif). Udvardy (HUN, #~70) — клей-грайндер, стабильная, но vs top-30 на клее редко выходит. H2H 1-0 Badosa (Warsaw-24 clay 6-3 6-2). Класс + H2H + surface fit за испанкой, кэф уже учитывает — value отсутствует."
2026-07-24,ATP 250 Kitzbuhel,Clay,Alexander Bublik,Tomas Martin Etcheverry,62,38,1.55,2.55,Пропуск,Нет (0.62*1.55=0.96),3,П1 6-3 6-4,"SF. Bublik [1] — действующий чемпион, W3 без потерянных сетов на неделе (Halys 6-3 3-6 7-6, Molcan 6-3 6-2 в QF), огромный momentum. H2H 2-0 vs Etcheverry (Turin-25 clay Challenger 6-4 6-2). Etcheverry [4] (ARG) — оборвал 6-мат losing streak в QF vs Djere, но upset-форма нестабильна. Клей не сильнейшая поверхность казаха (~45% карьера), но surface fit аргентинца в 2026 также посредственный. Momentum + H2H → фаворит Bublik, кэф уже учитывает, value отсутствует."
2026-07-24,ATP 250 Kitzbuhel,Clay,Quentin Halys,Yannick Hanfmann,38,62,2.55,1.60,Пропуск,Нет (0.62*1.60=0.99),3,П1 6-4 7-6,"SF. Halys (FRA #~83) — upset #2 Vacherot в R32, big-server стиль работает на высоте Kitzbuhel, но R2 3-сета vs Bublik-нет — Halys прошёл гладко. Hanfmann (GER #~52) — чистый клей-специалист + альпийская альтитюда (16+ эйсов), в QF разнёс экс-чемпа Baez 6-3 6-1 (свежий, доминирующий). H2H 1-0 Hanfmann (Munich-24 clay). Surface fit + form + класс за немцем; value близко к 1.00 → пропуск."
2026-07-24,ATP 250 Estoril,Clay,Andrey Rublev,Luca Van Assche,82,18,1.20,4.80,Пропуск,Нет (0.82*1.20=0.98),4,П2 3-6 6-3 6-4,"QF. Rublev [1] — 5-мат win streak (чемп Bastad-26 + wire-to-wire Estoril), разгромил Skatov 6-1 6-1 за 59 мин (максимум свежести). Van Assche (FRA #~100) — 0-3 в tour-level QF за карьеру, upset Carreño Busta в R16 но потратил ресурс. Class gap огромный + Rublev на пике формы; кэф уже отражает — value отсутствует."
2026-07-24,ATP 250 Estoril,Clay,Jaime Faria,Pedro Martinez,38,62,2.55,1.55,Пропуск,Нет (0.62*1.55=0.96),2,Не сыграно (иная сетка; Faria vs Darderi — Darderi d. Faria 2-6 7-5 6-2),"QF. Faria (POR, WC, ~ATP 200) — home crowd Estoril, победил qualifier Bueno 6-2 6-4 в R16 (свежее). Martinez (ESP, ~ATP 65) — upset #2 Darderi в R16 (значимый апсет), опытный клей-специалист. Класс + surface fit + momentum за испанцем; home advantage за португальцем. Value ~ neutral → пропуск."
2026-07-24,ATP 250 Estoril,Clay,Camilo Ugo Carabelli,Alejandro Tabilo,40,60,2.35,1.60,Пропуск,Нет (0.60*1.60=0.96),2,"Не сыграно (иная сетка; Tabilo вылетел R2 vs Torres, Carabelli — R1 vs Droguet)","QF. Carabelli (ARG, ~ATP 65) — клей-грайндер, стабильная 2026-я. Tabilo (CHI, лефти, ~ATP 25) — топ-игрок в бракете, только вышел из спада, лефти-угол опасен на клее. H2H неглубокий. Class + лефти-fit за чилийцем; кэф уже отражает; value ~ neutral → пропуск."
2026-07-24,ATP 250 Estoril,Clay,Roman Andres Burruchaga,Daniel Merida,50,50,1.90,1.90,Пропуск,Нейтр. (0.50*1.90=0.95),1,Не сыграно (иная сетка; Burruchaga vs Blockx — Blockx d. Burruchaga 3-6 6-4 7-6(4)),"QF. Оба underdog-игрока (Burruchaga ARG, Merida ESP, оба ATP 100+). Данные ограничены, H2H отсутствует, форма неровная. Матч непредсказуем — пропуск."
2026-07-24,WTA 250 Prague,Hard,Marie Bouzkova,Tereza Valentova,68,32,1.62,2.30,Bouzkova ML,Да (0.68*1.62=1.10),4,П2 2-6 6-4 7-6(6),"QF. Bouzkova [1] (CZE) — 2х-defending champion Prague (2022, 2025), home crowd, комфортна на харде, H2H 2-0 vs Valentova (обе встречи straight sets). Valentova [5] (CZE, тинейджер) — solid week (R32 W, R16 W), но опыт vs топ-30 на харде ограничен. Class + surface fit + H2H + home + defending momentum → value на защитницу титула; уверенность 4."
2026-07-25,ATP 250 Kitzbuhel,Clay,Alexander Bublik,Quentin Halys,58,42,1.45,2.70,Пропуск,Нет (0.58*1.45=0.84),3,П2 6-4 7-6,"FINAL. Bublik [1] — действующий чемпион Kitzbuhel-25, W4 без потерянных сетов (Halys 6-3 3-6 7-6, Molcan 6-3 6-2, Etcheverry 6-3 6-4), домашние условия альпийского клея выучены наизусть (8-1 карьера в Kitzbuhel), #11 ATP. Halys [Q, #83] — впервые в ATP-финале, но недавно (17.07 Gstaad) обыграл Bublik в 3 сетах 6-7 6-4 7-6, эта неделя 4-0 (Djere, Vacherot, Navone, Hanfmann). H2H 1-1 (последняя — за Halys). Класс + surface + defending за казахом; свежий H2H и sub-текст усталости Bublik → реальный риск. Кэф уже отражает favoritism, value отсутствует."
2026-07-25,ATP 250 Estoril,Clay,Luca Van Assche,Hugo Gaston,58,42,1.60,2.30,Пропуск,Нет (0.58*1.60=0.93),3,П1 6-4 7-5,"SF. Van Assche (FRA, #~60) — сенсационно снял Rublev в QF 3-6 6-3 6-4 (2ч15м, momentum + confidence, но и усталость). Gaston (FRA, #~70) — крадущий защитник, лефти, серия побед Dzumhur (ret.), Droguet, Torres — сохранил энергию (более лёгкий бракет). H2H 1-0 Van Assche (Marrakech-26, тесно). Свежесть за Gaston, momentum и класс за Van Assche. Матч 55/45 range, кэф справедлив — value отсутствует, пропуск."
2026-07-25,ATP 250 Estoril,Clay,Luciano Darderi,Alexander Blockx,62,38,1.55,2.45,Darderi ML,Слабый (0.62*1.55=0.96),3,П2 5-7 7-6(1) 7-6(5),"SF. Darderi [2] (ITA, #21) — Tour-leading 22 клей-победы в 2026, comeback vs Faria 2-6 7-5 6-2 в QF (upset avoided, но 3 сета — усталость). Blockx [4] (BEL, #~55) — 10-мат winning streak, обыграл Burruchaga в 3 сетах 3-6 6-4 7-6(4) (~2ч45м, серьёзная усталость). Оба устали, но у Darderi класс и surface fit выше. H2H неглубокий. Value близко к 1.00 — слабый positive edge на итальянце; уверенность 3."
2026-07-25,WTA 250 Prague,Hard,Tereza Valentova,Daria Snigur,48,52,2.00,1.80,Пропуск,Нет (близко к 50/50),2,П2 7-6(4) 6-4,"SF. Valentova [5] (CZE, тинейджер) — home crowd, огромный upset Bouzkova в QF 2-6 6-4 7-6(6) (2:40+, реальная усталость). Snigur [8] (UKR) — гладко прошла Tararudee 6-0 6-3 в QF (~1ч, свежайшая), опыт vs top-30 стабильный. Свежесть за украинкой, home advantage за чешкой. Матч close, кэф справедлив, пропуск."
2026-07-25,WTA 250 Prague,Hard,Barbora Krejcikova,Lilli Tagger,70,30,1.36,3.20,Пропуск,Нет (0.70*1.36=0.95),3,П2 6-7(5) 6-3 7-6(4),"SF. Krejcikova [2] (CZE) — 2х GS-чемп, только что чемпион Athens-25/26, W3 Prague без больших сложностей (Salkova 6-3 6-3 в QF за 1:19), но кумулятивная усталость — 5 матчей за 8 дней. Tagger (AUT, тинейджер) — сенсация недели, обыграла Bejlek 6-4 6-4 в QF, но vs GS-класс на харде впервые. Класс + опыт + home CZE → Krejcikova должна дожать, но fatigue риск. Value отсутствует, пропуск."
2026-07-25,WTA 250 Hamburg,Clay,Tamara Korpatsch,Mayar Sherif,35,65,2.90,1.42,Пропуск,Нет (0.35*2.90=1.015),3,П1 6-1 2-0 ret.,"SF. Korpatsch (GER, home crowd) — home run впервые до SF, апсет Kalinina 6-3 1-6 6-1 в QF (~2:20, усталость). Sherif (EGY, #~35) — 13-мат winning streak (чемп двух подряд ITF/WTA), апсет Badosa 7-6 6-7 6-4 в QF (2:45, огромный tank). Обе устали, но класс Sherif выше, лучшая клей-форма 2026 (26-11 клей). Home vs class + streak. Value математически близко к 1.00, но high variance, пропуск."
2026-07-26,WTA 250 Prague,Hard,Daria Snigur,Lilli Tagger,55,45,1.65,2.20,Пропуск,Слабый (0.55*1.65=0.91),2,П2 6-7(3) 2-6,"Финал. Snigur (UKR, #54, seed 8) — впервые в WTA 250 финале, гладкий турнир (Seidel, Aksu, Tararudee 6-0 6-3, Valentova 7-6(4) 6-4), опыт tour-level стабильный. Tagger (AUT, 18 лет, #74) — youngest finalist в истории Prague, сенсационная 2:55 победа над Krejcikova 6-7(5) 6-3 7-6(4) в SF (эмоциональное+физическое истощение), одноручный бэкхенд, но vs первого top-60 challenger на харде. H2H 0-0. Момент+юность у Tagger; свежесть+опыт+ранг у Snigur — матч close, уверенность низкая."
2026-07-26,WTA 250 Hamburg,Clay,Tamara Korpatsch,Anna Bondar,60,40,1.75,2.05,Korpatsch ML,Да (0.60*1.75=1.05),3,П1 6-3 6-3,"Финал. Korpatsch (GER, #~100, seed 5) — home crowd Hamburg, впервые в SF/финале Hamburg. Свежесть: Sherif ret. на 6-1 2-0 в SF (минимум сил потрачено). Bondar (HUN, #~65, seed 4) — 12 побед в 13 матчах Hamburg, но SF вымотал: Avanesyan 7-6(3) 4-6 7-6(2) (~3ч). H2H 4-0 Korpatsch (все встречи; последняя Ningbo-24 6-7(4) 7-6(6) 6-4 — 3 сета). Home + H2H + свежесть → реальный edge немке; клей чуть больше подходит Bondar, что балансирует. Value умеренный."
2026-07-27,ATP 500 Washington,Hard,Alex de Minaur,Stefanos Tsitsipas,68,32,1.42,2.90,De Minaur ML,Нет (0.68*1.42=0.97),4,П1 6-4 3-6 6-3,"R1. De Minaur [1] — действующий чемпион DC-25, защищает титул, комфортен на хард-корте, свеж после ретрита. H2H формально 1-12 в пользу Циципаса, но большинство встреч 2019-22 на клее/траве; на хард-корте в 2024-26 Алекс выиграл 2 подряд. Циципас (~#50) неделю назад взял Gstaad-2026 (клей), быстрый переход клей→хард в короткие сроки не его конёк, только что женился и вернулся к работе. Форма+свежесть+защита титула за австралийцем; кэф уже отражает favoritism, value слабый."
2026-07-27,ATP 500 Washington,Hard,Taylor Fritz,Zizou Bergs,78,22,1.30,3.60,Пропуск,Нет (0.78*1.30=1.014),4,П1 straight sets,"R1. Fritz [3] #10 ATP — big-server, домашний US-корт, SF Washington-23, любит быстрый хард. Bergs (BEL, #~35) — маiden ATP title в Eastbourne (grass) в июне, но хард-корт исторически хуже (карьера ~48% vs 55% у Фритца на харде). H2H отсутствует, но class gap значителен. Fritz favored заслуженно; кэф ~1.30 короткий, value математически ~1.00 — пропуск."
2026-07-27,ATP 500 Washington,Hard,Frances Tiafoe,Terence Atmane,72,28,1.30,3.50,Пропуск,Нет (0.72*1.30=0.94),4,П2 4-6 6-3 6-4,"R1. Tiafoe [6] — hometown DC crowd (родился в Hyattsville), 2х финалист US Open era-hard, H2H 2-0 vs Atmane (включая Wimbledon-26 R1 straight sets). Atmane (FRA, лефти, #~45) — talented big-server, но inconsistent на американском харде. Класс + H2H + home + surface fit за американцем; value отсутствует, кэф уже давит."
2026-07-27,ATP 500 Washington,Hard,Lorenzo Musetti,Matteo Arnaldi,65,35,1.55,2.45,Musetti ML,Слабый (0.65*1.55=1.01),3,П1 6-0 3-1 ret.,"R1. Итальянское дерби. Musetti [4] #~9 ATP — RG SF-25, стабильный top-10 в 2026, однако предпочитает клей; H2H 4-0 vs Arnaldi (единственная встреча на харде — Australian Open 2025). Arnaldi (~#40) — быстрая плоская подача, comfortable на американском харде, но давно не имел значимых результатов на туровом уровне. H2H + класс + свежесть после отдыха за Musetti; value очень слабый, но есть."
2026-07-27,ATP 500 Washington,Hard,Arthur Fils,Rafael Jodar,58,42,1.70,2.15,Jodar ML,Слабый (0.42*2.15=0.90),2,П2 7-6(5) 6-3,"R1. Fils [8] #~23 ATP — first-time на харде vs Jodar. Jodar (ESP, 19 лет, #~60) — 3-сет борьба Barcelona SF vs Fils (клей), сдержанный upset-tier prospect. Оба взяли по 1 туровому титулу в 2026. H2H 1-0 Fils (Barcelona-26 SF на клее — тесно). Хард-корт Fils исторически стабильней, но Jodar в дикой форме. Матч close (55-60% Fils), кэф уже отражает — value отсутствует."
2026-07-27,WTA 500 Washington,Hard,Madison Keys,Liudmila Samsonova,62,38,1.55,2.45,Keys ML,Да (0.62*1.55=0.96),3,П2 3-6 6-4 6-4,"R1. Keys — 2025 Australian Open чемпион, big-hitter на харде, но первый Вашингтон за 3 сезона. H2H 5-1 в пользу Keys — доминирующий, включая победы на харде. Samsonova (RUS, экс-#12) — чемп Washington-22, комфортна в DC, но 2026-я нестабильна (медленная возврашка после Roland Garros). Класс + H2H + form за американкой; value ~ neutral — умеренный positive."
2026-07-27,WTA 500 Washington,Hard,Alexandra Eala,Zheng Qinwen,55,45,1.75,2.10,Eala ML,Слабый (0.55*1.75=0.96),2,П1 4-6 6-4 6-1,"R1. Eala (PHI, #28, лефти) — прорыв 2026 (R16 Wimbledon vs Swiatek), в лучшей форме карьеры, левша-угол работает vs правшей. Zheng (CHN, #123, ex-#4, Olympic champ) — возвращение после операции на локте (лето 2025), R1-вылеты RG-26 и Wimbledon-26, форма явно не top-tier. Ранг говорит об Eala, но опыт GS-класса и хард-корт fit у Чжэн выше. Матч 55/45, кэф выравнивают, value близок к 1.00 — пропуск."
2026-07-28,ATP 250 Los Cabos,Hard,Grigor Dimitrov,Moise Kouame,72,28,1.44,2.85,Пропуск,Нет (0.72*1.44=1.04),3,Не сыграно (Dimitrov снялся - бурсит),"R1. Dimitrov (BUL, WC, 35 лет, #~150 после падения) — экс-#3, эпический 5-set R4 Wimbledon vs Fery, огромный класс/опыт, но неровный 2026 сезон и возможные проблемы с рукой. Kouame (FRA, WC, 17 лет, #~200) — прорыв RG-26 R3, но серьёзная травма локтя после Парижа, вылет R1 Braunschweig (Rehberg) и R1 Bastad (проигрыш Borges). H2H 0-0. Хард-корт нейтрален для обоих; свежесть Dimitrov после Wimbledon ретрита выше, класс и experience решают против юниора после травмы. Кэф 1.44 close к справедливому — value слабый, пропуск."
2026-07-28,ATP 250 Los Cabos,Hard,Corentin Moutet,Jenson Brooksby,55,45,1.72,2.05,Пропуск,Нет (0.55*1.72=0.95),2,П2 6-4 6-4,"R1. Moutet [6] (FRA, лефти, #59) — вариативный лефти с drop-shots и slice, комфортен на любом покрытии, тактически заряжен. Brooksby (USA, #102) — недавно вернулся после травм, лефти-baseliner с странным стилем, у которого удачные апсеты в 2026 (Sinner в Wimbledon R3 — 5 сетов). H2H неглубокий, недавно в Toronto-25 Brooksby взял 3 сета. Букмекеры сделали Moutet фаворитом (-140, implied 58%), но матч эмоционально volatile, style-clash между двумя лефти. Value близко к 1.00 — пропуск."
2026-07-28,ATP 250 Los Cabos,Hard,Michael Zheng,Martin Landaluce,55,45,1.80,2.00,Zheng ML,Слабый (0.55*1.80=0.99),2,П1 6-4 6-3,"R1. Zheng (USA, 22 лет, #~144, Q) — 5-set победа над Norrie в Wimbledon R2, отличная 4-победная серия на грассе, комфортен на харде. Landaluce [7] (ESP, 20 лет, #~65) — 4 поражения в последних 5 матчах, форма проседает. Forebet 58% Zheng. H2H 0-0. Momentum + свежий Grand Slam опыт за американцем; class и seed за испанцем. Матч close (implied 55/45), value близко к 1.00 — тонкий positive edge на Zheng."
2026-07-28,ATP 500 Washington,Hard,Arthur Fils,Rafael Jodar,60,40,1.67,2.15,Fils ML,Слабый (0.60*1.67=1.00),3,П2 7-6(5) 6-3,"R1. Fils [8] (FRA, #~23) — вернулся после hip-травмы (пропустил лето после Madrid SF/Barcelona title), 2-3 недели без матчей. Jodar (ESP, 19 лет, #~60) — молодой talent, недавно 3-set бой vs Fils Barcelona-26 SF на клее (проиграл). H2H 1-0 Fils (на клее). Хард-корт исторически лучше для Fils (карьера ~55% vs 45% Jodar), но rust-риск после травмы. Bet365 дает Fils 1.67 (63.5% implied). Матч close, но surface fit + класс за французом; value близко к 1.00 (~1.00) — тонкий, но реальный edge."
2026-07-28,ATP 500 Washington,Hard,Alex Michelsen,Mackenzie McDonald,68,32,1.36,3.10,Пропуск,Нет (0.68*1.36=0.92),3,П1 6-4 7-5,"R1. Michelsen (USA, #~35) — вошёл в US-hard swing своей комфортной поверхностью, home crowd DC, QF Washington-24, стабильная baseline. Draper снялся с турнира — McDonald (LL, USA, #~120) заменяет его после проигрыша в квалификации. H2H 1-0 Michelsen (недавняя встреча на харде). McDonald — стабильный ветеран, но не топ-форма 2026. Класс/форма/свежесть/surface — всё за Michelsen; кэф уже учитывает favoritism, value отсутствует."
2026-07-28,WTA 500 Washington,Hard,Alexandra Eala,Zheng Qinwen,50,50,1.80,2.05,Zheng ML,Да (0.50*2.05=1.03),2,П1 4-6 6-4 6-1,"R1. Eala (PHI, #28, лефти, 21 лет) — прорыв 2026 (R16 Wimbledon vs Swiatek), в лучшей форме карьеры, левша-угол работает vs правшей. Zheng Qinwen (CHN, #123, экс-#4, Olympic champ Paris-24) — возвращение после операции на локте (лето 2025), R1-вылеты RG-26 и Wimbledon-26, форма явно не top-tier но опыт GS-класса огромен. H2H 0-1 Zheng (Asian Games 2023 SF). Хард-корт исторически лучшая поверхность Zheng, класс/GS-опыт перевешивает рейтинг Eala. Матч 50/50 — тонкий positive value на underdog Zheng, уверенность низкая."
2026-07-28,WTA 500 Washington,Hard,Emma Navarro,Sofia Kenin,72,28,1.36,3.20,Пропуск,Нет (0.72*1.36=0.98),4,П1 6-0 7-5,"R1. Navarro (USA, #~11) — QF Wimbledon-24/R4-25, стабильный all-court, home crowd DC, комфортна на харде. Kenin (USA, экс-AO-20 чемп, #~40) — 2026 сезон слабый (R2 Wimbledon vs Anisimova, series поражений), хард-корт исторически её любимое покрытие, но форма не top-tier. H2H 2-1 Navarro. Класс + форма + свежесть + surface fit за Navarro; кэф ~1.36 учитывает favoritism — value отсутствует, но исход почти ясен."
2026-07-29,ATP 250 Los Cabos,Hard,Denis Shapovalov,Rinky Hijikata,60,40,1.55,2.40,Пропуск,Нет (0.60*1.55=0.93),3,П1 2-6 6-3 6-2,"R1 (перенос из вторника). Shapovalov [6] (CAN, лефти, ~#26, экс-#10) — мощная подача, комфортен на скоростном харде, чемп Los Cabos-25 (защита титула). Hijikata (AUS, ~#65) — агрессивный baseline, но inconsistent на харде вне Australia; H2H отсутствует (первая встреча в основной сетке). Dimers 59% Shapovalov. Surface fit + опыт + защита титула перевешивают. Кэф ~1.55 уже отражает favoritism, value математически ~0.93 — пропуск."
2026-07-29,ATP 500 Washington,Hard,Taylor Fritz,Kamil Majchrzak,80,20,1.22,4.20,Пропуск,Нет (0.80*1.22=0.98),4,П1 6-3 6-4,"R2. Fritz [3] (USA, #10 ATP) — big-server, домашний US-swing, взял 250-ю хардовую победу в R1 vs Bergs, свеж и уверен. Majchrzak (POL, ~#75) — удивил Paul 7-5 7-6(4) в R1 (эффективная 2-я подача и цепкий return), но class gap значителен. H2H 1-0 Fritz (Indian Wells-25 straight sets). На быстром харде Фритц обыграет любого не топ-30. Кэф ~1.22 уже сильно давит, value близко к 1.00 — пропуск."
2026-07-29,WTA 500 Washington,Hard,Liudmila Samsonova,Xinyu Wang,55,45,1.72,2.10,Пропуск,Нет (0.55*1.72=0.95),2,П1 6-2 6-2,"R2. Samsonova (RUS, экс-#12) — чемп Washington-22, только что переломила Keys 3-6 6-4 6-4 (upset R1), forma улучшается на любимом харде DC. Wang (CHN, #~30) — big-hitter, стабильна на харде, но соперник по R1 (Pareja) уточняется — принято, что Wang прошла. H2H 1-1. Сет-ratings близки, свежесть чуть за Wang (более лёгкий R1). Матч 55/45, кэф выравнивают — value нет, пропуск. Уверенность низкая из-за R1 неоднозначности соперницы."
2026-07-31,ATP 500 Washington,Hard,Alex de Minaur,Brandon Nakashima,60,40,1.65,2.20,Пропуск,Нет (0.60*1.65=0.99),3,П2 7-6(5) 6-4,"QF. de Minaur [1] — защитник титула Washington-25, +2 победы в этом турнире (Tsitsipas 3-set + Hewitt 6-2 6-3), стабильный ТОП-8. Nakashima (USA, #~30) — home-crowd, upset Mensik 7-6 6-4 в R16 сильной подачей и стабильным ретёрном. H2H 2-1 de Minaur (последняя встреча — Washington QF 2025 6-4 6-4 в пользу австралийца). Класс + surface fit за de Minaur, но домашний Nakashima играет свободнее. Кэф ~1.65 близок к справедливому, value ~0.99 — пропуск."
2026-07-31,ATP 500 Washington,Hard,Lorenzo Musetti,Rafael Jodar,45,55,2.75,1.44,Musetti ML,Да (0.45*2.75=1.24),2,П2 1-6 6-1 6-4,"QF. Musetti [4] — экс-#8, возвращение после травмы бедра (пропустил лето); тяжёлая 3-сет с Vukic 6-3 5-7 6-3 показывает rust на харде. Jodar (ESP, 19 лет, #~60) — 2-й QF за неделю в 500-ках, разгромил Nishikori 6-3 6-2 в R16, кураж молодости. Модельная вероятность Jodar 62%. Матч скорее за испанцем на хардовом сет-fit, но кэф 2.75 на Musetti с моей оценкой 45% даёт expected 1.24 — есть value, хоть и рискованный. Уверенность низкая из-за формы Musetti."
2026-07-31,ATP 500 Washington,Hard,Taylor Fritz,Alex Michelsen,60,40,1.44,2.75,Пропуск,Нет (0.60*1.44=0.86),3,П1 6-1 3-6 7-6(6),"QF. Fritz [3] — #10 ATP, big-server, доминирует свою половину сетки (Bergs, Majchrzak в straights), уверен на американском харде. Michelsen (USA, #~35) — QF Washington-25 defender, дошёл через Draper (снятие) и Mannarino 7-6 6-4; странная H2H статистика 2-0 в пользу Michelsen. Класс + форма за Fritz, но H2H flag серьёзный. Дом.судья, seed, консистентность подачи должны перевесить. Кэф 1.44 близок к справедливому, value отсутствует — пропуск."
2026-07-31,WTA 500 Washington,Hard,Jessica Pegula,Anna Kalinskaya,58,42,1.60,2.35,Пропуск,Нет (0.58*1.60=0.93),3,П1 6-3 7-5,"QF. Pegula [1] — #~5 WTA, стабильный all-court, comeback vs Frech 4-6 6-4 6-3 (R2), home US-swing, чемп Washington-19. Kalinskaya [5] — #~20, финал Washington-24, талант, но inconsistent 2026. H2H 2-2 (последняя — Berlin-24 6-3 6-4 Kalinskaya на грассе). Хард-корт исторически сильнее для Pegula, свежесть чуть лучше. Кэф ~1.60 отражает favoritism, value ~0.93 — пропуск, но исход favored to Pegula."
2026-07-31,ATP 250 Los Cabos,Hard,Cameron Norrie,Bernard Tomic,72,28,1.36,3.20,Пропуск,Нет (0.72*1.36=0.98),4,П1 6-1 6-0,"QF. Norrie [2] (GBR, лефти, #~30, экс-#8) — стабильный baseline-grinder, хардовый sweet-spot, отлично прошёл Duckworth в R16. Tomic (AUS, 32 года, #~180) — Challenger-champ (Lincoln), эффектный upset Khachanov в R16, но volatile ветеран. H2H 0-0. Model даёт Norrie 70%. Класс/stamina/консистентность за британцем; Tomic может дать 1 сет, но не 3. Кэф 1.36 давит, value ~0.98 — пропуск, но исход почти ясен."
2026-07-31,ATP 250 Los Cabos,Hard,Denis Shapovalov,Dalibor Svrcina,65,35,1.50,2.62,Пропуск,Нет (0.65*1.50=0.98),4,П1 6-4 6-2,"QF. Shapovalov [6] (CAN, лефти, экс-#10) — защитник титула Los Cabos-25, мощная подача с левой руки, comeback 2-6 6-3 6-2 vs Hijikata показал ментальную устойчивость. Svrcina (CZE, #~110) — счастливчик QF (Darderi retirement в R2), не имеет большого тур-опыта. H2H 0-0. Модели дают Shapovalov 61-68%. Опыт, класс и surface fit решают. Кэф 1.50 близок к справедливому, value ~0.98 — пропуск."
2026-07-31,ATP 250 Los Cabos,Hard,Coleman Wong,Jenson Brooksby,45,55,2.50,1.53,Wong ML,Слабый (0.45*2.50=1.13),2,П1 6-1 7-5,"QF. Wong (HKG, 21 лет, #~110) — прорыв недели, upset top-seed Lehecka 1-6 6-3 6-4 в R16, приближается к дебюту в top-100, мощная подача. Brooksby (USA, #~90) — возвращение после травм, нестандартный slice-и-timing стиль, comfortable defense, обыграл Winter (LL) 6-3 6-4 в R16 (лёгкий draw). H2H 0-0. Model даёт Brooksby 59-62%. Style clash — Brooksby стягивает Wong в exchange; но Wong в дикой форме и на волне. Кэф 2.50 на underdog Wong с моей оценкой 45% даёт expected 1.13 — маленький, но реальный value edge; уверенность низкая из-за style-риска и fatigue."
2026-08-01,ATP 250 Los Cabos,Hard,Cameron Norrie,Denis Shapovalov,55,45,1.83,1.97,Norrie ML,Да (0.55*1.83=1.01),3,П2 6-3 5-7 6-4,"SF. Norrie [2] (GBR, лефти, экс-#8, ~#30) — стабильный baseline-grinder, разгромил Tomic 6-1 6-0 в QF (~55 минут, минимум усилий), max свежесть. Shapovalov [6] (CAN, лефти, экс-#10, защитник титула) — прошёл Svrcina 6-4 6-2 в QF, играет хорошо, но защита титула = давление. H2H 2-0 Norrie (включая победу на харде). Матч лефти vs лефти, но Norrie превосходит по стабильности, свежести и H2H edge. Кэф 1.83 (implied 55%) справедлив — минимальный positive value ~1.01."
2026-08-01,ATP 250 Los Cabos,Hard,Coleman Wong,Arthur Gea,45,55,2.15,1.70,Пропуск,Нет (0.45*2.15=0.97),2,П2 7-6(7) 6-3,"SF. Wong (HKG, 21 лет, #~110) — прорыв недели: upset Lehecka [1] 1-6 6-3 6-4 и разгром Brooksby 6-1 7-5, взлёт формы. Gea (FRA, 19 лет, ~#130) — upset Cerundolo 6-7 6-4 6-0 в QF (~3ч, физически тяжёлый матч), но talent и подача top-tier. H2H 0-0. Оба молодые с moment, но Gea лучше подаёт, а Wong потратил меньше сил в QF. Model даёт 48/52 в пользу Gea. Матч close, кэф уже отражает — value нет, пропуск."
2026-08-01,WTA 500 Washington,Hard,Diana Shnaider,Liudmila Samsonova,55,45,1.80,2.00,Пропуск,Нет (0.55*1.80=0.99),3,П1 6-3 6-4,"QF. Shnaider [4] (RUS, лефти, ~#15) — гладкий турнир, разгромила Potapova 6-1 6-2 в R16, стабильная baseline, 9-7 на харде в 2026. Samsonova (RUS, ~#41) — upset Keys 3-6 6-4 6-4 в R1, momentum, но 6-8 на харде 2026. H2H 2-1 Shnaider (1-0 на харде), но Samsonova выиграла последнюю встречу (Wimbledon-26 grass). Класс + surface + рейтинг за Shnaider, momentum за Samsonova. Матч close (Stats Insider 52% Shnaider), кэф справедлив. Value ~0.99 — пропуск."
2026-08-01,WTA 500 Washington,Hard,Naomi Osaka,Elisabetta Cocciaretto,78,22,1.21,5.33,Пропуск,Нет (0.78*1.21=0.94),4,П1 4-6 6-4 6-3,"QF. Osaka (JPN, экс-#1, 4х GS-чемп) — комфортна на американском харде (2х US Open), R16 после ретрита Krueger (свежайшая). Cocciaretto (ITA, #~65) — upset Navarro 6-3 4-6 6-3 в R16, но vs Osaka на харде разрыв класса огромный. H2H 1-0 Osaka (Miami-24 6-3 6-4). Model 82% Osaka. Класс + surface + свежесть за японкой; исход почти ясен, но кэф 1.21 давит value (~0.94). Пропуск, но high-confidence pick на Osaka как исход."
2026-08-01,WTA 500 Washington,Hard,Alexandra Eala,Elina Svitolina,42,58,2.50,1.53,Svitolina ML,Слабый (0.58*1.53=0.89),3,П1 6-3 6-4,"QF. Rematch после Berlin-26 QF (Eala победила 6-3 6-4 на грассе). Eala (PHI, лефти, #~28) — прорыв 2026, upset Zheng 4-6 6-4 6-1 в R16, дошла R16 Wimbledon vs Swiatek. Svitolina (UKR, ~#14) — опыт top-10, 3-set победа над Kudermetova 7-6(4) 6-4, стабильная all-court, впервые H2H на харде. H2H 1-0 Eala (на грассе). Класс + surface + опыт за Svitolina; лефти-угол Eala работает vs правшей, но hard-court favors Svitolina. Stats Insider 60% Svitolina, dimers 56%. Кэф 1.53 отражает favoritism, value ~0.89 — negative. Пропуск ставки, но исход favored Svitolina."
2026-08-02,ATP 250 Los Cabos,Hard,Denis Shapovalov,Arthur Gea,62,38,1.64,2.25,Shapovalov ML,Да (0.62*1.64=1.02),3,П2 6-3 6-4,"FINAL. Shapovalov (CAN, лефти, экс-#10, #68, защитник титула Los Cabos-25) — в SF трудная 3-сетовая победа над Norrie 6-3 5-7 6-4 (2ч39мин), но опыт финалов ATP + surface familiarity + защита титула = высокий floor. Gea (FRA, 21 лет, #~127) — первый в карьере финал ATP, upset-run: Cerundolo, Nishioka, Wong (7-6 6-3 в SF, легче чем у Shap). H2H 0-0. Gea лучше подаёт и свежее физически, но опыт финала + класс + surface за канадцем. Model: Shap 62%. Кэф 1.64 (implied 61%) даёт минимальный value 1.02. Ставка на Shapovalov ML, но умеренная — рекомендация 1-2% банка."
2026-08-02,WTA 500 Washington,Hard,Jessica Pegula,Alexandra Eala,60,40,1.53,2.50,Пропуск,Нет (0.60*1.53=0.92; 0.40*2.50=1.00),3,П1 6-4 6-3,"FINAL. Pegula [1] (USA, экс-#3, ~#4, 37-9 в 2026, 21-4 на харде) — 4-й финал сезона, разгромила Kalinskaya в QF, вытянула Shnaider 7-5 6-4 в SF, класс + опыт финалов + surface. Eala (PHI, лефти, 21 лет, ~#28) — dream-run: upset Zheng, Svitolina 6-3 6-4, Osaka 6-4 6-2 в SF (6 top-10 побед в 2026!). H2H 1-0 Pegula (Miami-25 SF 7-6 5-7 6-3, close). Плюсы Pegula: класс, hard-court record, финал-опыт, ретёрн. Плюсы Eala: momentum, лефти-угол vs правши, отсутствие давления. Model Pegula 60% (edge, но не подавляющий). Кэф 1.53 fair, value 0.92; Eala 2.50 близко к fair (~1.00). Пропуск ставки — value marginal, слишком тонко для входа."
2026-08-03,ATP 1000 Montreal,Hard,Jack Draper,Terence Atmane,60,40,1.44,3.00,Atmane ML,Да (0.40*3.00=1.20),2,П2 6-3 2-6 6-2,"R1 (Day 2). Draper (GBR, лефти, экс-#4, ~#7 ATP) возвращается после травмы левой руки — не играл с Eastbourne SF в июне, ~7 недель без матчей, rust-риск огромен. Atmane (FRA, лефти, ~#45, 22 лет) — heavy лефти-forehand, aggressive court positioning, недавнее R1-поражение от Tiafoe в Washington (7-6 3-6 6-4), но fresh. H2H 0-0 (два лефти). Модельные сайты дают Draper 65-70%, но букмекеры (1.44) не полностью учитывают rust. Моя оценка Draper 60% — Atmane 2.15+ = value edge 1.20. Уверенность низкая (2) из-за неопределенности формы Draper."
2026-08-03,ATP 1000 Montreal,Hard,Lorenzo Sonego,Tallon Griekspoor,50,50,1.95,1.90,Пропуск,Нет (0.50*1.95=0.98),2,П2 7-6(5) 7-5,"R1 (Day 2). Ремач Montreal-24 R1, где Griekspoor победил 7-6(7) 5-7 6-4 (близкий 3-сет). Sonego (ITA, ~#40, 30 лет) — all-court, надежный на харде, стабильная форма 2026. Griekspoor (NED, ~#35, 29 лет) — big-server, aggressive baseline, ушёл ниже пика после травм. H2H 1-0 Griekspoor. Победитель встречает Zverev в R2. Модельные сайты и Kalshi дают почти 50/50 (Sonego 50 vs Griekspoor 51 центов). Кэфы отражают близость. Value отсутствует — пропуск."
2026-08-03,WTA 1000 Toronto,Hard,Karolina Pliskova,Oleksandra Oliynykova,48,52,2.10,1.70,Пропуск,Нет (0.52*1.70=0.88),2,П1 6-4 6-4,"R1 (Day 2). Pliskova (CZE, экс-#1, 34 лет, ~#100+) — легендарная подача, но давно вне топ-30, форма 2026 неровная, слишком много ошибок с базовой. Oliynykova (UKR/CRO, 24 лет, ~#130) — восходящая, defensive, качественный ретёрн, стабильная baseline. H2H 0-0. Модельные предпросмотры отдают предпочтение молодой украинке из-за атлетизма и формы. Матч close (48/52), кэфы уже учитывают. Value отсутствует — пропуск, но исход слегка favored Oliynykova."
2026-08-03,WTA 1000 Toronto,Hard,Yuliia Starodubtseva,Maya Joint,60,40,1.80,2.00,Starodubtseva ML,Да (0.60*1.80=1.08),3,П2 4-6 6-1 6-3,"R1 (Day 2). Starodubtseva (UKR, 26 лет, ~#65) — solid хард-корт игрок, стабильный ретёрн, comfortable in the North American swing. Joint (AUS, 20 лет, ~#90) — тяжёлый сезон 2026, серия поражений, трудно собирать очки подряд, недостаток уверенности. H2H 0-0. Aussie может нащупать ритм на быстром харде Торонто, но experience gap и текущая форма за Starodubtseva. Кэф 1.80 fair-to-slightly-value (implied 55.6% vs моя 60%). Value ~1.08 — умеренный edge, ставка на украинку. Уверенность 3."
2026-08-03,WTA 1000 Toronto,Hard,Alycia Parks,Victoria Jimenez Kasintseva,65,35,1.62,2.30,Parks ML,Да (0.65*1.62=1.05),3,П1 6-4 6-4,"R1 (Day 2). Parks (USA, 25 лет, ~#55) — power-serve/forehand, comfortable на быстром харде, home North American swing. Свежая после R1 поражения в Prague WTA (Havlickova). Jimenez Kasintseva (AND, 20 лет, ~#80) — solid grinder, но матч-ап невыгоден: огонь на подаче Parks задавит defensive Kasintseva. H2H 1-0 Parks. Модельные предпросмотры отдают явное предпочтение американке. Кэф 1.62 (implied 61.7% vs моя 65%). Value ~1.05 — небольшой positive edge, ставка на Parks. Уверенность 3."
2026-08-03,WTA 1000 Toronto,Hard,Elena-Gabriela Ruse,Peyton Stearns,48,52,2.15,1.70,Пропуск,Нет (0.52*1.70=0.88),2,П1 6-0 7-5,"R1 (Day 2). Ремач: недавно (2026) сыграли близкий 3-сет, победил Ruse. Ruse (ROM, 28 лет, ~#85) — solid baseline defender, clay-comfortable, но и хард годится. Stearns (USA, 24 лет, ~#50) — heavy forehand, home ход, но недавняя серия поражений. Модельные форкасты дают ~46% на Ruse — тесно. Матч решается clean ball-striking с baseline; Stearns edges при равном уровне. H2H 1-1 (одна за каждым). Кэф 1.70 на Stearns справедлив. Value отсутствует — пропуск."
2026-08-04,ATP 1000 Montreal,Hard,Alexander Zverev,Lorenzo Sonego,72,28,1.36,3.20,Пропуск,Нет (0.72*1.36=0.98),3,N/A (Sonego проиграл R1; Zverev вышел на Griekspoor),"R2 (при условии, что Sonego дожал перенесённый из-за дождя R1 vs Griekspoor). Zverev [1] (GER, #2 ATP) — финалист Wimbledon-26, топ-серв, лучший стабильный хардовый игрок сезона в отсутствие Sinner/Alcaraz. Sonego (ITA, ~#40) — all-court с variable подачей, комфортен на харде, но класс gap огромен. H2H 9-2 Zverev — доминирование. Хардовое покрытие полностью за немцем; свежесть равная (первый матч после отдыха от Wimbledon). Кэф 1.36 близок к справедливому, value ~0.98 — пропуск, но исход почти ясен."
2026-08-04,ATP 1000 Montreal,Hard,Felix Auger-Aliassime,Luca Van Assche,70,30,1.44,2.85,Пропуск,Нет (0.70*1.44=1.01),3,N/A (Van Assche проиграл R1; FAA вышел на Droguet),"R2 (Van Assche/Droguet R1 winner). Auger-Aliassime [2] (CAN, home crowd, #~9 ATP) — QF Wimbledon-26, свежая уверенность, впервые sd#2 на 1000-нике на родине. Van Assche (FRA, ~#75) — недавний champion Estoril, комфортен на клее, но хард-корт менее сильный. H2H 0-0. Класс + home crowd + surface fit + свежесть за канадцем; Van Assche талантлив, но не готов противостоять на быстрой поверхности с семейной публикой. Кэф 1.44 fair (implied 69% ≈ моя 70), value ~1.01 marginal. Пропуск ставки, но исход favored FAA."
2026-08-04,WTA 1000 Toronto,Hard,Aryna Sabalenka,Moyuka Uchijima,88,12,1.09,7.50,Пропуск,Нет (0.88*1.09=0.96),4,П1 6-3 6-3,"R2. Sabalenka [1] (BLR, #1 WTA) — экс-3-кратная GS-чемпионка, доминирующая на хард-корте, первый турнир после Wimbledon разочарования (полуфинал). Big-hitting baseline рушит любую защиту. Uchijima (JPN, Q, ~#85) — компактная baseline-игрок, upset Bucsa 6-3 6-4 в R1, но class gap колоссальный. H2H 0-0. Prime power hitter vs solid Q — практически один исход. Кэф 1.09 давит value до ~0.96 — пропуск, но исход почти неизбежен."
2026-08-04,WTA 1000 Toronto,Hard,Mirra Andreeva,Karolina Pliskova,78,22,1.28,3.75,Andreeva ML,Слабый (0.78*1.28=1.00),3,П1 6-0 6-2,"R2. Andreeva [6] (RUS, 20 лет, #~6 WTA) — Roland Garros champion 2026, дебютант в топ-10, разностилевая baseline с sharp ретёрном. Pliskova (CZE, 34 лет, экс-#1, ~#100+) — легендарная подача, но уменьшенная скорость и глубокая ошибочность на baseline; comeback vs Oliynykova 6-4 6-4 показал класс подачи, но и вязкость 2-го сета. H2H 0-0 на туре. Молодость + свежесть + rally-strength за Андреевой; серв Pliskova даст сет, но vs top-10 ретёрнер это не хватит. Кэф 1.28 близок к fair (implied 78% = моя 78), value ~1.00 marginal. Ставка на Андрееву, но осторожно (риск ускоренной подачи Плишковой). Уверенность 3."
2026-08-04,WTA 1000 Toronto,Hard,Jessica Pegula,Magdalena Frech,75,25,1.30,3.60,Пропуск,Нет (0.75*1.30=0.98),4,П1 3-6 6-3 6-2,"R2. Rematch Washington QF-26, где Pegula выиграла в 3 сетах после проигранного первого. Pegula [3] (USA, экс-#3) — 37-9 в 2026, 4-й финал сезона в Washington неделю назад, stable all-court, home hard-court swing. Frech (POL, ~#48) — тяжёлый сезон (19 поражений в 35 матчах), R1 Toronto через Jeanjean; толкается против top-10, но stable ретёрн иногда неудобен. H2H 2-0 Pegula, обе на харде. Класс + форма + surface + свежесть за американкой. Кэф 1.30 fair (implied 77% ≈ моя 75), value ~0.98 — пропуск, но исход favored."
2026-08-06,WTA 1000 Toronto,Hard,Aryna Sabalenka,Shuai Zhang,90,10,1.06,11.00,Пропуск,Нет (0.90*1.06=0.95),4,П1 6-3 6-0 ret.,"R3. Sabalenka [1] (BLR, #1 WTA, 24-1 на харде в 2026, hard-court streak 13 матчей) — доминирующий big-hitting baseline, разогналась после медленного старта vs Uchijima 6-3 6-3, комфортна в Toronto (первая как top seed). Zhang (CHN, ветеран ~#100+) — R3 через ретрит Ostapenko [26] (0-6 0-4 ret), не сыграла полноценных сложных матчей, opportunistic путь. H2H 4-1 Sabalenka. Класс + surface + форма подавляюще за белоруской; исход почти неизбежен. Кэф 1.06 давит value до ~0.95 — пропуск ставки, но исход near-lock."
2026-08-06,WTA 1000 Toronto,Hard,Jessica Pegula,Kamilla Rakhimova,80,20,1.20,4.50,Пропуск,Нет (0.80*1.20=0.96),4,П1 6-4 6-0,"R3. Pegula [3] (USA, экс-#3, 38-10 в 2026, 22-5 на харде, 10-матчевая победная серия) — вытянула Frech 3-6 6-3 6-2, свежесть выше среднего, home North American swing. Rakhimova (RUS, ~#70, 16-21 в 2026, 11-11 на харде) — стабильный ретёрн, но нестабильная подача vs top-10. H2H 0-0. Класс + форма + surface + свежесть подавляюще за американкой. Кэф 1.20 (implied 83% ≈ моя 80%) справедлив, value ~0.96 — пропуск, но исход почти ясен."
2026-08-06,WTA 1000 Toronto,Hard,Mirra Andreeva,Leylah Fernandez,72,28,1.36,3.20,Пропуск,Нет (0.72*1.36=0.98),3,П2 1-6 4-6,"R3. Andreeva [6] (RUS, 20 лет, Roland Garros champ 2026, #~6 WTA) — разгромила Pliskova 6-0 6-2 в R2, свежая, лучший теннис карьеры. Fernandez [30] (CAN, лефти, ~#33) — единственная сеяная канадка, лефти-угол vs правши работает, home crowd Toronto будет подгонять. H2H 1-0 Andreeva (2024). Класс + форма + рейтинг за россиянкой, но home-crowd + лефти-стиль Fernandez доставит некоторое сопротивление. Кэф 1.36 fair (implied 74% ≈ моя 72%), value ~0.98 — пропуск, но исход favored Andreeva."
2026-08-06,WTA 1000 Toronto,Hard,Elena Rybakina,Ann Li,75,25,1.36,3.10,Rybakina ML,Слабый (0.75*1.36=1.02),3,П1 6-2 7-5,"R3. Rybakina [2] (KAZ, #2 WTA, ex-Wimbledon champ) — тяжёлая победа над Kasatkina 6-3 5-7 6-4 в R2 (подача misfired), но big-serve/forehand power на харде остаётся элитным. Li (USA, ~#80) — R3 через upset Cross, но не имеет опыта top-tier vs top-2. H2H 0-0. Форма Rybakina wobbly (4-5 в последних 9), но матч-ап vs Li дефинитивно в её пользу (power gap). Кэф 1.36 (implied 74%) близок к моей 75% — минимальный value 1.02. Ставка на Rybakina ML, умеренная (риск serving issues)."
2026-08-06,WTA 1000 Toronto,Hard,Belinda Bencic,Taylor Townsend,60,40,1.60,2.35,Пропуск,Нет (0.60*1.60=0.96),2,П1 6-7(5) 7-6(4) 6-4,"R3. Bencic (SUI, экс-#4, Olympic champ Tokyo, ~#20) — разгромила Stephens 6-3 6-1 в R2, comfortable на харде после возвращения из декрета, first title in Toronto (2015). Townsend (USA, лефти, doubles specialist, ~#90 в синглах) — surprise R3, home crowd. H2H 1-0 Bencic. Класс + опыт + surface fit за швейцаркой, но Townsend доставляет неудобства нестандартной slice-и-подачей-и-сеткой. Матч close-ish, кэф 1.60 близок к fair. Value отсутствует — пропуск."
2026-08-06,ATP 1000 Montreal,Hard,Rafael Jodar,Corentin Moutet,58,42,1.85,1.95,Jodar ML,Слабый (0.58*1.85=1.07),3,П1 4-6 6-1 6-3,"R3. Jodar (ESP, 19 лет, #~60) — прорыв недели: QF Washington-26, upset-run в Montreal. Молодая звезда, aggressive baseline, mental strength. Moutet (FRA, лефти, ~#65, экс-#40) — креативный лефти с variable подачей, comfortable на харде, но нестабилен по сезону 2026. H2H 0-0. Model даёт Jodar 72% (по прогнозу Dimers). Моя оценка чуть более осторожная (58%) из-за R2 усталости Jodar и style-риска vs лефти. Кэф 1.85 (implied 54% vs моя 58%) даёт value 1.07. Умеренная ставка на молодого испанца."
2026-08-07,ATP 1000 Montreal,Hard,Ben Shelton,Zizou Bergs,78,22,1.30,3.60,Пропуск,Нет (0.78*1.30=1.01),4,П2 3-6 6-3 6-2,"R3. Shelton [5] — defending champion Montreal-25, мощный лефти-серв идеален на харде, разнёс Brooksby 6-3 7-5 в R2 (comeback с 4-1 в 2-м сете). Bergs (BEL, ~50 ATP) — стойкий, но 16-16 в 2026, без побед над топ-10 на харде. H2H пуст. Класс/серв/форма/защита титула перевешивают; кэф уже учитывает — value почти нейтр."
2026-08-07,ATP 1000 Montreal,Hard,Casper Ruud,Joao Fonseca,40,60,2.05,1.72,Fonseca ML,Да (0.60*1.72=1.03),3,П2 7-6(6) 6-3,"R3. Ruud — top-15 ветеран, primarily clay (US-хард результаты скромнее — рекорд ~52% на харде за карьеру). Fonseca (BRA, 19 лет, ~ATP 40) — SF Washington-26, big-hitting, идеальный хард-профиль, рост-ракета сезона. H2H 0-0. Momentum + hardcourt fit за бразильцем; slight value на underdog."
2026-08-07,ATP 1000 Montreal,Hard,Hubert Hurkacz,Botic van de Zandschulp,65,35,1.55,2.55,Пропуск,Нет (0.65*1.55=1.01),3,П1 6-4 7-6(4),"R3. Hurkacz — ex-top 10, огромная подача (2х Masters 1000-финалист), хардкорт-специалист. van de Zandschulp — solid ballstriker, upset Alcaraz в US Open-24, но 2026 нестабилен. H2H 2-1 Hurkacz. Кэф учитывает — value отсутствует."
2026-08-07,WTA 1000 Toronto,Hard,Mirra Andreeva,Leylah Fernandez,62,38,1.35,3.20,Fernandez ML,Да (0.38*3.20=1.22),3,П2 1-6 4-6,"R3. Andreeva [5] — Roland Garros-2026 чемпион, в отличной форме, разнесла Pliskova 6-0 6-2 в R2. Fernandez [30] — home crowd Toronto, лефти, US Open-21 финалист, сегодня Centre Court с канадской публикой; разнесла Zarazua 6-2 6-2 в R2. H2H 2-1 Andreeva (последняя — Madrid-26 QF на грунте 7-6 6-3), но Fernandez 1-0 vs Andreeva на харде. Home + surface fit + лефти-угол — букмекеры недооценивают канадку. Value на Fernandez."
2026-08-07,WTA 1000 Toronto,Hard,Belinda Bencic,Taylor Townsend,65,35,1.42,2.90,Пропуск,Нет (0.65*1.42=0.92),3,П1 6-7(5) 7-6(4) 6-4,"R3. Bencic [12] — экс-US Open финалист (2019), чемпион Toronto-2015, вернулась после декрета, стабильная baseline-игра, разнесла Stephens в R2. Townsend — лефти serve-and-volley, апсетнула топ-сид Bouzkova 7-6(4) 7-5 в R2, играет агрессивно на харде. H2H 1-2 Townsend (все три встречи на харде). Стиль Townsend опасен для Bencic (уязвима к сеточным подходам), но класс/консистенция швейцарки должны решить. Кэф учитывает — value отсутствует."
2026-08-07,WTA 1000 Toronto,Hard,Coco Gauff,Maria Sakkari,72,28,1.30,3.60,Пропуск,Нет (0.72*1.30=0.94),4,П1 6-1 6-4,"R3. Gauff [4] — Roland Garros-2025 чемпион, home American, big-serve + speed, прошла Kayla Day 6-2 7-5 в R2 (не идеально, но справилась). Sakkari [29] — ex-top 5, power-baseline, регулярный QF-игрок Masters, но 2026 сезон неровный (~20-15). H2H 3-2 Gauff (все три победы на харде), последняя Gauff w. 6-3 6-2. Class gap + surface fit + home; кэф уже учитывает фаворитизм — value отсутствует."
2026-08-07,WTA 1000 Toronto,Hard,Elena Rybakina,Ann Li,80,20,1.20,4.50,Пропуск,Нет (0.80*1.20=0.96),4,П1 6-2 7-5,"R3. Rybakina [2] — Australian Open-26 чемпион, элитный хардкорт (55 ace/матч потенциал), 22-5 на харде в 2026. Ann Li [28] — solid американка, прошла Cross 7-6(2) 6-3 в R2, но карьерный уровень топ-30 (7-10 на харде в 2026). H2H 1-1 (Rybakina — Miami-24, Li — Cleveland-23 на харде). Class + серв казашки решат; кэф 1.20 не оставляет value."
2026-08-08,WTA 1000 Toronto,Hard,Aryna Sabalenka,Ekaterina Alexandrova,80,20,1.22,4.20,Пропуск,Нет (0.80*1.22=0.98),4,П2 7-6(3) 4-6 6-4,"R4 (Round of 16). Sabalenka [1] (BLR, #1 WTA, 25-1 на харде в 2026) — прошла Zhang 6-3 6-0 ret. в R3, разогналась после медленного старта. Alexandrova [16] (RUS, ~#16, big-serve baseline, 2-5 vs top-3 в 2026) — стабильный ретёрн, но class gap подавляющий. H2H 6-1 Sabalenka. Класс + серв + surface + форма за белоруской; исход near-lock. Кэф 1.22 (implied 82% ≈ моя 80%) не оставляет value — пропуск."
2026-08-08,WTA 1000 Toronto,Hard,Jessica Pegula,Diana Shnaider,62,38,1.62,2.35,Pegula ML,Слабый (0.62*1.62=1.00),3,П2 6-3 6-3,"R4. Pegula [3] (USA, экс-#3, 38-10 в 2026, 22-5 на харде, 10-матчевая победная серия, home North American swing) — стабильная all-court, вытянула Rakhimova 6-4 6-0 в R3. Shnaider (RUS, лефти, ~#12, 20 лет) — атакующая лефти-baseline, опасна на быстром харде, недавно проиграла Pegula в SF Washington 5-7 4-6. H2H 4-0 Pegula, все на харде. Класс + H2H + surface fit за американкой, но лефти-угол Shnaider создаёт неудобства. Кэф 1.62 (implied 61.7% vs моя 62%) — marginal value ~1.00. Умеренная ставка на Pegula, уверенность 3."
2026-08-08,WTA 1000 Toronto,Hard,Iga Swiatek,Marta Kostyuk,70,30,1.36,3.20,Пропуск,Нет (0.70*1.36=0.95),3,П1 3-6 6-1 6-2,"R4. Swiatek [8] (POL, экс-#1, 5x GS-чемпион) — быстро разнесла Toronto R3, harcourt-форма улучшилась после Wimbledon SF-26. Kostyuk [10] (UKR, ~#20) — разнесла Keys 6-3 6-1 в R3 за 72 минуты, aggressive baseline, но менее стабильна в клатче. H2H 6-1 Swiatek (доминирование, все три хард-матча за полькой). Класс + H2H + surface fit за Swiatek, но украинка в горячей форме сегодня. Кэф 1.36 (implied 74% vs моя 70%) — value отсутствует, пропуск. Исход favored Swiatek."
2026-08-08,WTA 1000 Toronto,Hard,Elena Rybakina,Liudmila Samsonova,60,40,1.55,2.55,Пропуск,Нет (0.60*1.55=0.93),2,П1 6-4 4-6 6-4,"R4. Rybakina [2] (KAZ, Australian Open-26 champ, 22-5 на харде) — big-serve/forehand, но форма wobbly (тяжёлые 3-сетовые матчи с Kasatkina R2, Li R3 7-5 в 2-м). Samsonova (RUS, ~#19, big-serve power baseline, опасна на харде) — прошла Joint/Andreescu ветку в R3. H2H 4-1 Rybakina, но Samsonova выиграла последний хард-матч (Berlin-25). Матч close: обе — power hitters. Уверенность низкая из-за wobbly формы казашки. Кэф 1.55 fair (implied 64.5% vs моя 60%) — value ~0.93, пропуск. Данных о точном сопернике мало — оценка ориентировочная."
2026-08-08,WTA 1000 Toronto,Hard,Naomi Osaka,Leylah Fernandez,55,45,1.75,2.10,Пропуск,Нет (0.45*2.10=0.94),2,П1 6-1 6-2,"R4. Osaka (JPN, 4x GS champ, unseeded после декрета, ~#50) — прошла Udvardy 6-2 6-4, стабильная baseline-power. Fernandez [30] (CAN, лефти, home crowd Toronto) — upset Andreeva 6-1 6-4 в R3, momentum + emotional home fuel. H2H 2-0 Osaka (обе на харде, US Open-19 R1, Miami-21). Класс/GS-опыт vs momentum/home — матч close (55/45). Кэф 1.75 (implied 57% vs моя 55%) — value отсутствует. Пропуск ставки, но исход слегка favored Osaka. Данных о точном соперничестве в R4 может быть неточно — если Osaka не вышла, оценку не применять."
2026-08-09,WTA 1000 Toronto,Hard,Aryna Sabalenka,Ekaterina Alexandrova,80,20,1.25,3.92,П1 (Sabalenka),Нет (0.80*1.25=1.00),4,П2 7-6(3) 4-6 6-4,"Сабаленка №1, 25-1 на харде в 2026, H2H 5-4 в её пользу, последний матч Берлин 6-4 6-4. Александрова 7-9 на харде в 2026. Coefs почти fair, value отсутствует."
2026-08-09,WTA 1000 Toronto,Hard,Elena Rybakina,Liudmila Samsonova,62,38,1.55,2.50,П1 (Rybakina),Нет (0.62*1.55=0.96),3,П1 6-4 4-6 6-4,"Рыбакина освежена, выиграла последние 2 H2H, мощная подача создаёт стабильную платформу. Общий H2H 2-4 против неё. Уверенность средняя."
2026-08-09,WTA 1000 Toronto,Hard,Naomi Osaka,Leylah Fernandez,62,38,1.55,2.55,П1 (Osaka),Нет (0.62*1.55=0.96),3,П1 6-1 6-2,"Osaka в отличной форме, разбила Мертенс 6-1 6-2, 72.9% pts на первой подаче. Fernandez сенсационно обыграла Андрееву 6-1 6-4 при поддержке трибун. H2H 1-1. Домашний фактор для Fernandez."
2026-08-09,WTA 1000 Toronto,Hard,Coco Gauff,Alina Korneeva,78,22,1.28,3.60,П1 (Gauff),Нет (0.78*1.28=1.00),4,П1 6-3 6-1,"Гауфф в форме — разгромила Сакки 6-1 6-4, доминирует returning game. Корнеева 19 лет, апсетнула Йович но нестабильна. Опыт и движение Гауфф решают."
2026-08-09,WTA 1000 Toronto,Hard,Alexandra Eala,Belinda Bencic,55,45,1.85,1.95,П1 (Eala),Да (0.55*1.85=1.02),3,П2 6-7(5) 7-6(4) 6-4,Ила победитель Вашингтона 3 августа — сильная форма и уверенность. Бенчич затратила 3ч24м на Таунсенд — усталость. Первая встреча в карьере. Небольшой value на Ила.
2026-08-09,WTA 1000 Toronto,Hard,Elina Svitolina,Amanda Anisimova,58,42,1.67,2.20,П1 (Svitolina),Нет (0.58*1.67=0.97),3,П1 6-2 6-4,"Свитолина ведёт H2H 4-1 включая 6-4 6-1 в 4-м круге Toronto 2025. Стабильнее в защите, лучше держит длинные ралли. Анисимова волатильна."
2026-08-09,ATP 1000 Montreal,Hard,Ben Shelton,Joao Fonseca,54,46,1.81,1.99,Пропуск,Нет,2,П1 6-3 6-2,"Шелтон защищает титул, обыграл Фонсеку в Мюнхене 6-3 3-6 6-3. Фонсека сенсационно снял Циципаса и Рууда, ни одного сета не отдал в Монреале. Матч рейтинг 50/50, пропуск."
2026-08-10,WTA 1000 Toronto,Hard,Elena Rybakina,Naomi Osaka,55,45,1.72,2.10,Пропуск,Нет (0.55*1.72=0.95),2,П1 4-6 7-6(5) 6-4,"QF. Первая встреча в туре. Rybakina [2] (KAZ, экс-Wimbledon champ) — мощная подача/форхенд, прошла Samsonova 6-4 4-6 6-4 (wobbly, отыгралась с 0-3 в 3-м). Osaka (JPN, 4x GS champ, unseeded ~#50) — разбила Fernandez 6-1 6-2 в R4, впечатляющая форма, 72.9% pts на 1-й подаче. Обе — power hitters с большим потенциалом на харде; матч closer чем кажется из-за wobbly формы Рыбакиной. Кэф 1.72 (implied 58% vs моя 55%) — value отсутствует. Пропуск."
2026-08-10,WTA 1000 Toronto,Hard,Coco Gauff,Belinda Bencic,70,30,1.40,2.90,Gauff ML,Нет (0.70*1.40=0.98),4,П1 w/o (Bencic ret. hip),"QF. Gauff [4] (USA, RG-2025 champ, 33-12 в 2026, 10-матчевая победная серия) — разгромила Korneeva 6-3 6-1 в R4, home American, big-serve+speed. Bencic [12] (SUI, Olympic champ Tokyo, 26-10 на харде в 2026) — 3-часовая марафон-победа vs Eala 6-7(5) 7-6(4) 6-4 в R4, усталость реальна. H2H 6-2 Gauff (4-2 на харде). Класс+свежесть+H2H подавляюще за Gauff. Кэф 1.40 (implied 71% ≈ моя 70%) fair, value ~0.98 — пропуск ставки, но исход near-lock."
2026-08-10,WTA 1000 Toronto,Hard,Iga Swiatek,Diana Shnaider,73,27,1.31,3.44,Пропуск,Нет (0.73*1.31=0.96),4,П1 6-2 6-1,"QF. Swiatek [8] (POL, экс-#1, 5x GS champ) — вытянула Kostyuk 3-6 6-1 6-2 в R4, hardcourt-форма улучшилась после Wimbledon SF. Shnaider (RUS, лефти, 20 лет, #15) — сенсационно апсетнула Pegula 6-3 6-3 в R4, горячая форма. H2H 1-0 Swiatek (Madrid clay 2025 3 сета). Класс+GS-опыт+returning game за полькой; лефти-угол Shnaider доставит неудобства, но не хватит. Кэф 1.31 (implied 76% vs моя 73%) слегка завышен на favor, value 0.96 — пропуск, но исход favored Swiatek."
2026-08-10,WTA 1000 Toronto,Hard,Elina Svitolina,Ekaterina Alexandrova,65,35,1.36,3.10,Svitolina ML,Нет (0.65*1.36=0.88),3,П1 3-6 6-0 6-3,"QF. Svitolina [9] (UKR, экс-#3, стабильный all-court, ретёрн-игра) — разбила Anisimova 6-2 6-4 в R4 за 78 мин. Alexandrova [16] (RUS, big-serve baseline) — upset Sabalenka 7-6(3) 4-6 6-4 в R4, эмоциональный подъём, лучший matchup её сезона. H2H 4-0 Свитолина, все на харде. Класс+H2H+защита за украинкой; power серва Alexandrova может дать сет, но rally-strength Svitolina решит. Кэф 1.36 (implied 74%) выше моей 65% — value 0.88 отсутствует. Пропуск ставки, слабый bet на украинку."
2026-08-12,WTA 1000 Toronto,Hard,Elina Svitolina,Iga Swiatek,48,52,2.35,1.43,Свитолина ML (small stake),Слабый (0.48*2.35=1.13),3,П2 6-3 1-6 6-3,"SF. Свитолина (UKR, экс-#3, 32 года) — 10-матчевая победная серия в WTA 1000, выиграла обе H2H встречи 2026 vs Свёнтек: Индиан-Уэллс 6-2 4-6 6-4 и Рим SF 6-4 2-6 6-2, вырвала QF vs Александрова 3-6 6-0 6-3. Свёнтек [7] (POL, экс-#1, 5x GS champ) — разгромила Шнайдер 6-2 6-1 за 64 мин, отработала returning-game, но harcourt-форма менее стабильна. H2H 4-3 Свёнтек в карьере, но Свитолина 2-0 в 2026. Dimers модель даёт Свёнтек 64%, Sportytrader 57%. Кэф 1.43 на Свёнтек имплайт 70%, что выше моей оценки. Свитолина фитнесс + momentum + защита + H2H в 2026 — value на украинке. Кэф 2.35 × моя 48% = 1.13, слабый value edge. Малая ставка."
2026-08-13,ATP 1000 Montreal,Hard,Ben Shelton,Rafael Jodar,48,52,2.10,1.72,Jodar ML (small stake),Да (0.52*2.10=1.09),3,Матч не состоялся (Jodar проиграл Nakashima 6-7(3) 4-6 в SF),"Финал. Shelton (USA, #10, 31-12 в 2026) — защита титула, разнёс за неделю Brooksby, Bergs, Fonseca 6-3 7-6, Mensik 6-3 6-1 в QF, Tien 6-3 7-6(3) в SF. Огромный лефти-серв идеален на харде, дроп только 1 сет за турнир. Jodar (ESP, 19 лет, ~#60, 47-13 в 2026, 24-7 на харде) — breakout сезон, финал Washington-26, победы над Musetti, Lehecka, Fils, Nakashima 7-6(5) 6-3 в SF. H2H 0-0. Youth+momentum+бо́льшая свежесть у Jodar (SF был короче); defending champion aura+серв у Shelton. Матч close, кэф на Jodar 2.10 при моей оценке 52% даёт value 1.09. Небольшая ставка на молодого испанца."
2026-08-13,ATP 1000 Cincinnati,Hard,Grigor Dimitrov,Sebastian Baez,62,38,1.62,2.30,Dimitrov ML,Да (0.62*1.62=1.00),3,П2 6-1 3-6 4-6,"R1. Dimitrov (BUL, WC, экс-#3, чемпион Cincinnati-2017) — хардкорт-специалист с all-court игрой (слайс, тач, big-серв). Свежий Wimbledon-26 (R16), восстанавливается после травмы, но грас-сезон показал форму (титулы/полуфиналы). Baez (ARG, ~#40) — клеевик-грайндер, физический baseline-игрок, 8-14 на харде в 2026, всего 1 R2 на Masters харде. Bulgarian hard-court pedigree + Cincinnati history перевешивают. Кэф 1.62 fair. Ставка умеренная (риск fitness у Dimitrov)."
2026-08-13,ATP 1000 Cincinnati,Hard,Stefanos Tsitsipas,Valentin Royer,70,30,1.40,2.85,Пропуск,Нет (0.70*1.40=0.98),3,П1 7-6(4) 7-5,"R1. Tsitsipas (GRE, экс-#3, недавно топ-10) — 10-8 в первых кругах в 2026, всё-court big-forehand игрок с хорошим Cincinnati опытом (SF-18, финал-2019 не было). Royer (FRA, ~#100, лефти) — 1 победа в 14 матчах vs топ-100 в 2026, ограниченный опыт на Masters харде. Кэф 1.40 (implied 71.4%) fair. Value отсутствует — исход почти ясен, пропуск ставки."
2026-08-13,ATP 1000 Cincinnati,Hard,Jack Draper,Martin Landaluce,52,48,1.80,2.00,Пропуск,Нет (0.52*1.80=0.94),2,П2 6-3 7-5,"R1. Draper (GBR, WC, экс-топ-10, сейчас вне топ-100 из-за травм) — level когда fit очень высокий, лефти-серв опасный, но fitness под вопросом (Montreal кампания завершилась 'in tears'). Landaluce (ESP, 19 лет, ~#55) — прорывной сезон: QF Miami Masters (победы над Darderi, Khachanov, Korda), QF Rome. Молодость+свежесть+форма у испанца, class ceiling у британца. H2H 0-0. Матч close, неопределённый — уверенность 2, пропуск ставки."
2026-08-14,ATP 1000 Montreal,Hard,Ben Shelton,Brandon Nakashima,72,28,1.58,2.46,Shelton ML,Да (0.72*1.58=1.14),4,П1 6-3 7-6(4),"Финал. Shelton (USA, #10, defending champion Montreal-2025) — не дропнул сет за неделю: Brooksby, Bergs, Fonseca 6-3 7-6, Mensik 6-3 6-1 QF, Tien 6-3 7-6(3) SF. Огромный лефти-серв идеален на харде. Nakashima (USA, ~#30) — первый Masters 1000 финал, обыграл Jodar 7-6(3) 6-4 в SF, 81% pts на 1-й подаче. H2H 5-0 Shelton (все на харде). Форма+H2H+серв+защита титула перевешивают. Кэф 1.58 (implied 63%) ниже моей 72% — value 1.14. Уверенная ставка на Shelton."
2026-08-14,WTA 1000 Toronto,Hard,Iga Swiatek,Elena Rybakina,48,52,1.73,2.30,Rybakina ML,Да (0.52*2.30=1.20),3,П1 6-2 6-3,"Финал. Swiatek [8] (POL, экс-#1, 5x GS champ) — первый финал 2026, вырвала Svitolina 6-3 1-6 6-3 в SF (реванш за 2 поражения в сезоне). Rybakina [2] (KAZ, 39-11 в 2026, 26-5 на харде, ex-Wimbledon champ) — камбэк vs Gauff 5-7 6-2 6-2 в SF, гигантская подача (48 aces vs Swiatek 3 в турнире, 74% pts на 1-й серве). H2H 6-6 overall, Rybakina 4-3 на харде, выиграла последний матч 7-5 6-1 в QF AO-26. Кэф Rybakina 2.30 (implied 43%) ниже моей 52% — value 1.20. Умеренная ставка на казашку."
2026-08-14,ATP 1000 Cincinnati,Hard,Tomas Machac,Pablo Carreno Busta,60,40,1.86,2.05,Machac ML,Да (0.60*1.86=1.12),3,П1 6-3 6-2,"R1. Machac (CZE, ~#22, aggressive baseline, career-high #17 в 2024) — стабильный хардкорт-игрок сезона 2026, свежий после Montreal. Carreno Busta (ESP, экс-#10, олимпийский бронзовый Tokyo, ~#75) — веретный all-court, возвращается после длительной паузы (травма), ограниченная хард-форма в 2026. Молодость+фитнесс+surface fit+H2H нейтральный за чехом. Кэф 1.86 (implied 54%) ниже моей 60% — value 1.12. Умеренная ставка."
2026-08-14,ATP 1000 Cincinnati,Hard,Nuno Borges,Thanasi Kokkinakis,60,40,1.50,2.63,Пропуск,Слабый (0.40*2.63=1.05),3,П1 7-5 7-6,"R1. Borges (POR, ~#40, all-court baseline) — стабильный сезон, H2H 2-0 vs Kokkinakis. Kokkinakis (AUS, ~#100, big-serve, injury-prone) — 7 из 10 vs выше рейтингом, но 2026 нестабилен, недавно проиграл в Montreal. Модели дают Borges 60-64%. Кэф 1.50 (implied 67%) переоценивает favorite, кэф 2.63 Kokkinakis marginal value 1.05. Слишком неопределённо для ставки — пропуск. Ожидаемый исход favored Borges."
2026-08-15,ATP 1000 Cincinnati,Hard,Alexander Zverev,Cameron Norrie,78,22,1.25,3.85,Пропуск,Нет (0.78*1.25=0.98),4,П1 3-6 6-3 6-3,"R2. Zverev [1] (GER, экс-#2, defending 2021 champion Cincinnati) — big-серв baseline, стабильный на харде. Bye R1, свежий. Norrie (GBR, ~#35, лефти-грайндер) — прошёл Prizmic 3-6 6-1 6-4 в R1 после дождевых задержек, физическая усталость. H2H 7-2 Zverev (5-2 на харде), последняя Melbourne R3 2026 (7-5 4-6 6-3 6-1). Класс+серв+H2H+свежесть за немцем. Кэф 1.25 (implied 80%) близок к моей 78% — value 0.98 отсутствует. Пропуск ставки, исход favored Zverev."
2026-08-15,ATP 1000 Cincinnati,Hard,Novak Djokovic,Thiago Agustin Tirante,82,18,1.30,4.20,Пропуск,Слабый (0.82*1.30=1.07),4,П2 2-6 6-4 6-4,"R2. Djokovic [3] (SRB, 24x GS champ, 3x Cincinnati champ, career hard 84.4%) — первый матч после Wimbledon SF-26, свежий, но rusty (месяц без официальных матчей). Tirante (ARG, 25, ~#50, career-best) — прошёл Choinski 7-6(9) 6-7(7) 7-6(4) в R1 (2ч56мин, три тайбрейка, физическая усталость). H2H 0-0. Класс+свежесть+surface+опыт подавляюще за Джоковичем. Кэф 1.30 (implied 77%) ниже моей 82% — value 1.07 marginal. Пропуск ставки из-за rusty-риска Джоко."
2026-08-15,ATP 1000 Cincinnati,Hard,Andrey Rublev,Tomas Machac,50,50,1.95,1.90,Пропуск,Нет (0.50*1.95=0.98),2,Матч не состоялся (Machac проиграл Carreno Busta 3-6 2-6 в R1),"R2. Rublev [13] (RUS, экс-#5, big-forehand baseline, нестабильный сезон 2026 20-14) — bye R1, свежий, но недавняя форма шаткая. Machac (CZE, ~#22, aggressive baseline, career-high #17) — свежая победа vs Carreno Busta 6-3 6-2 в R1 (73 мин), лёгкий разогрев. H2H 1-0 Machac (Marseille-24 6-3 6-2 hard). Матч close: класс/огневая мощь Рублёва vs свежесть/momentum/H2H чеха. Кэф 1.95/1.90 фифти-фифти. Пропуск ставки, уверенность низкая."
2026-08-15,ATP 1000 Cincinnati,Hard,Felix Auger-Aliassime,Stefanos Tsitsipas,48,52,2.05,1.80,Tsitsipas ML (small stake),Слабый (0.52*1.80=0.94),3,П1 6-3 7-5,"R2. Auger-Aliassime [2] (CAN, ~#8, big-серв baseline) — bye R1, свежий, стабильный сезон 2026. Tsitsipas (GRE, экс-#3) — прошёл Royer 7-6(4) 7-5 в R1 (2ч, 6 матчболов упустил перед закрытием), 22-16 в 2026, титул Гштаад (клей) в июле, восстановление формы после смены тренера. H2H 7-3 Tsitsipas overall, 4-1 на харде, последняя — Dubai final 2025 (Tsitsipas straights). Матч close: свежесть FAA vs momentum+H2H Tsitsipas. Кэф 1.80 (implied 55%) близок к моей 52% — value 0.94 marginal. Малая ставка на грека."
2026-08-15,ATP 1000 Cincinnati,Hard,Taylor Fritz,Alex Michelsen,58,42,1.70,2.15,Пропуск,Нет (0.58*1.70=0.99),3,П1 6-3 6-4,"R2. Fritz [6] (USA, экс-#4, US-хард специалист, Washington-26 champion) — bye R1, свежий. Michelsen (USA, ~#40, big-forehand, top-100 stability) — прошёл de Jong в R1 (ожидаемо, проекция модели 80% predelay). H2H 2-0 Fritz (обе на харде, включая Washington-26 final). Класс+surface+H2H+форма за Фрицем; американский дерби, no home advantage. Кэф 1.70 (implied 59%) близок к моей 58% — value 0.99 отсутствует. Пропуск ставки, исход favored Fritz. Оценки предварительные — если R1 Michelsen проиграл, соперник Фрица другой (de Jong)."
2026-08-15,WTA 1000 Cincinnati,Hard,Aryna Sabalenka,Talia Gibson,92,8,1.06,11.00,Пропуск,Нет (0.92*1.06=0.98),5,П1 6-2 7-6(2),"R2. Sabalenka [1] (BLR, #1 WTA, 38-7 в 2026, 25-2 на харде, 3x финалистка Cincinnati) — bye R1, свежая после спокойной недели (Torontso полуфинал не играла). Gibson (AUS, ~#150, WC / R1 winner путём qualifier) — глубокий underdog, ограниченный опыт vs top-5, никогда не играли. Класс+серв+surface подавляюще за белорусской. Кэф 1.06 (implied 94%) чуть выше моей 92% — value 0.98 отсутствует. Пропуск ставки, исход near-lock."
2026-08-15,WTA 1000 Cincinnati,Hard,Coco Gauff,Liudmila Samsonova,48,52,2.00,1.85,Samsonova ML (small stake),Нет (0.48*2.00=0.96),2,П1 2-6 6-4 6-1,"R2. Gauff [4] (USA, RG-2025 champ, 34-13 в 2026) — bye R1, home hard-court, big-серв+speed. Прошедшая неделя: Toronto SF (уступила Rybakina 7-5 6-2 6-2, эмоциональное поражение), физически ок. Samsonova (RUS, ~#19, big-серв power baseline) — R1 vs Putintseva (результат неясен на момент анализа), классический хардкорт-профиль. H2H 4-2 Gauff overall, 2-2 на харде. Матч close: forehand-power Samsonova vs speed/movement Gauff. Уверенность низкая из-за неопределённости соперника и эмоциональной раны Гауфф. Пропуск/малая ставка."
2026-08-16,ATP 1000 Cincinnati,Hard,Andrey Rublev,Pablo Carreno Busta,78,22,1.28,3.75,Пропуск,Нет (0.78*1.28=1.00),4,П1 7-6(5) 6-1,"R2. Rublev [13] (RUS, экс-#5, big-forehand baseline, bye R1, свежий) vs Carreno Busta (ESP, ~#75, экс-#10, олимпийский бронзовый Tokyo). PCB прошёл Machac 6-3 6-2 в R1 (73 мин), эффективный all-court. H2H 4-0 Rublev (2-0 на харде), последний US Open R1 2024 6-0 4-6 6-4. Класс+H2H+свежесть+серв за россиянином. Кэф 1.28 (implied 78%) точно равен моей оценке — value 1.00, пропуск. Исход favored Rublev."
2026-08-16,ATP 1000 Cincinnati,Hard,Tommy Paul,Hubert Hurkacz,52,48,1.80,2.05,Пропуск,Нет (0.52*1.80=0.94),3,П1 6-4 6-7(3) 6-3,"R2. Paul [18] (USA, ~#25, стабильный сезон 2026: титул Houston, финалы Queens/Hamburg/Delray Beach, home crowd Cincinnati) — bye R1, свежий, но 1-2 на харде летом. Hurkacz (POL, ~#30, big-серв) — прошёл Shimabukuro straight-sets в R1, 3-1 на харде летом, R16 Wimbledon. H2H 3-2 Paul overall, 1-0 на харде (Indian Wells 2023 4-6 6-2 6-4). Последний матч Wimbledon-26 R3 выиграл Hurkacz. Матч close, home advantage Пола vs momentum Hurkacz. Кэф 1.80 (implied 55%) близок к моей 52% — value 0.94, пропуск."
2026-08-16,WTA 1000 Cincinnati,Hard,Iga Swiatek,Emiliana Arango,88,12,1.10,7.00,Пропуск,Нет (0.88*1.10=0.97),5,П1 6-3 6-0,"R2. Swiatek [7] (POL, экс-#1, 5x GS champ, defending Cincinnati champion 2025) — bye R1, свежая. Arango (COL, qualifier, ~#75) — прошла Podoroska 4-6 7-5 6-3 в R1 (comeback, 2ч45мин, физическая усталость). H2H 0-0. Класс+GS-опыт+returning game+свежесть+defending champion status — подавляюще за полькой. Кэф 1.10 (implied 91%) чуть выше моей 88% — value 0.97, пропуск. Исход near-lock."
2026-08-16,WTA 1000 Cincinnati,Hard,Amanda Anisimova,Zeynep Sonmez,75,25,1.30,3.60,Пропуск,Нет (0.75*1.30=0.98),4,П1 6-2 6-3,"R2. Anisimova [9] (USA, ~#10, 2x WTA 1000 champion 2025, big-forehand baseline) — bye R1, свежая, но недавно проиграла Svitolina в Toronto. Sonmez (TUR, ~#50) — прошла Kasatkina в R1, breakout сезон. Обе 6/10 в последних матчах. H2H 0-0. Anisimova career 109-69 на харде vs Sonmez 24-22. Класс+experience подавляюще за американкой; Sonmez опасна momentum. Кэф 1.30 (implied 77%) близок к моей 75% — value 0.98, пропуск. Исход favored Anisimova."
2026-08-16,WTA 1000 Cincinnati,Hard,Mirra Andreeva,Oleksandra Oliynykova,85,15,1.14,5.50,Пропуск,Нет (0.85*1.14=0.97),5,П1 6-1 6-0,"R2. Andreeva [5] (RUS, 18 лет, экс-#5, Roland Garros champion 2025) — bye R1, свежая, top-10 стабильная. Oliynykova (CRO, qualifier, ~#150) — прошла R1 как WC/qualifier, ограниченный опыт vs top-10. H2H 0-0. Класс+experience+возраст-момент+surface fit подавляюще за россиянкой. Кэф 1.14 (implied 88%) чуть выше моей 85% — value 0.97, пропуск. Исход near-lock."
2026-08-16,WTA 1000 Cincinnati,Hard,Madison Keys,Daria Snigur,72,28,1.36,3.10,Keys ML,Да (0.72*1.36=0.98),4,П1 4-6 6-3 6-3,"R2. Keys [7] (USA, AO 2025 champion, big-серв/big-forehand, home hard-court) — bye R1, свежая. Snigur (UKR, ~#100, all-court baseline) — прошла Starodubtseva 6-4 6-3 в R1, стабильная. H2H 0-0. Класс+GS-опыт+power+home advantage за американкой; Snigur может дать сет через ретёрн-игру. Кэф 1.36 (implied 74%) близок к моей 72% — value 0.98, marginal. Малая ставка на Keys, исход favored USA."
2026-08-18,ATP 1000 Cincinnati,Hard,Alexander Zverev,Terence Atmane,70,30,1.36,3.15,Пропуск,Нет (0.70*1.36=0.95),3,П1 7-6(4) 7-6(8),"R3. Zverev [1] (GER, #3 ATP, 44-11 в сезоне, экс-чемпион Cincinnati-2021) vs Atmane (FRA, лефти, полуфиналист Cincinnati-2025). H2H 1-0 Zverev (Madrid-26 на клее в straights). Atmane выиграл 2 матча на турнире, отдохнул 2 дня. Zverev вымотан после 148-минутного 3-сетового боя с Norrie (финиш в 2:15 ночи). Big-серв Атмана на харде эффективен, но класс+рейтинг+глубина Зверева перевешивают. Кэф 1.36 (implied 74%) близок к моей 70% — value 0.95, пропуск. Ожидаемый исход favored Zverev, но не lock."
2026-08-18,ATP 1000 Cincinnati,Hard,Taylor Fritz,Daniel Merida,85,15,1.22,4.30,Пропуск,Нет (0.85*1.22=1.04),4,П1 6-3 6-4,"R3. Fritz [6] (USA, экс-#4, home hard-court, Washington-26 champion) vs Merida (ESP, 21, ~#100, дебютант в R3 Masters). Fritz вырубил Michelsen 6-3 6-4 в R2 (сместил ракетку в 4-й минуте, потом ни одного брейка). Merida прошёл R2 в первом Masters R3. Класс+опыт+серв подавляюще за американцем. Кэф 1.22 (implied 82%) чуть ниже моей 85% — value 1.04 marginal. Пропуск: короткий кэф, лишь номинальный value. Ожидаемый исход — Fritz в straights."
2026-08-18,ATP 1000 Cincinnati,Hard,Andrey Rublev,Nuno Borges,65,35,1.67,2.30,Rublev ML,Да (0.65*1.67=1.09),3,П2 6-3 6-4,"R3. Rublev [13] (RUS, экс-#5, big-forehand, 2021 финалист Cincinnati) vs Borges (POR, ~#40, all-court baseline). Rublev прошёл Carreno Busta 7-6(5) 6-1 в R2, форма улучшается. Borges обыграл Kokkinakis в R2 (~7-5 7-6 stable). H2H 1-0 Rublev (Doha-24 6-3 6-2 hard). Класс+H2H+ATP-title-хист. Кэф 1.67 (implied 60%) ниже моей 65% — value 1.09. Умеренная ставка на россиянина. Риск: нестабильность Рублёва в 2026 (20-14)."
2026-08-18,ATP 1000 Cincinnati,Hard,Daniil Medvedev,Brandon Nakashima,58,42,1.62,2.35,Пропуск,Нет (0.58*1.62=0.94),2,П2 6-2 7-5,"R3. Medvedev [4] (RUS, экс-#1, 2019 Cincinnati champion, US-хард специалист) vs Nakashima (USA, ~#30, aggressive baseline, финалист Montreal-2026). Medvedev прошёл Trungelliti 6-4 7-5 в R2. Nakashima — финалист прошлой недели в Montreal (уступил Shelton 6-3 7-6), high momentum, но с fatigue после Toronto+Cincinnati back-to-back. H2H 1-1. Матч close: класс+surface Медведева vs форма+свежая молодость Накашимы. Кэф 1.62 (implied 62%) выше моей 58% — value 0.94 отсутствует. Пропуск, уверенность низкая."
2026-08-18,ATP 1000 Cincinnati,Hard,Joao Fonseca,Christopher O'Connell,72,28,1.44,2.75,Fonseca ML,Слабый (0.72*1.44=1.04),3,"П2 walkover (Fonseca снялся с турнира, травма живота)","R3. Fonseca [23] (BRA, 19, NextGen, ~#25, ranking rise 2026) vs O'Connell (AUS, ~#75, стабильный all-court). Fonseca прошёл vdZ 6-4 7-6(2) в R2, big-forehand+серв. O'Connell — solid grinder, но менее взрывной. H2H 0-0. Класс+форма+age-momentum+surface fit за бразильцем. Кэф 1.44 (implied 69%) чуть ниже моей 72% — value 1.04 marginal. Малая ставка на Фонсеку, риск: молодость+первый R3 Masters опыт."
2026-08-18,WTA 1000 Cincinnati,Hard,Amanda Anisimova,Alexandra Eala,48,52,1.95,1.90,Eala ML,Да (0.52*1.90=0.99),2,П1 4-6 6-4 6-2,"R3. Anisimova [9] (USA, ~#10, exwrist-injury возврат, 8-4 после come-back, но без top-40 побед) vs Eala (PHI, 22, ~#20, breakout сезон после Wimbledon: 11-2, 3 top-10 победы). Eala прошла R2 через retirement Ruse (6-1 3-0). Anisimova прошла Sonmez 6-2 6-3 в R2 (76 мин), стабильно. H2H 0-0. Форма+momentum+in-form-swing за филиппинкой; wrist-injury recovery+experience за американкой. Кэф 1.90 (implied 53%) близок к моей 52% — value 0.99 borderline. Малая ставка на Eala (better momentum). Уверенность низкая, матч close."
2026-08-19,ATP 1000 Cincinnati,Hard,Alexander Zverev,Tommy Paul,65,35,1.36,3.10,Пропуск,Нет (0.65*1.36=0.88),3,П2 4-6 7-6(6) 6-4,"R4. Zverev [1] (GER, #3 ATP, defending Cincinnati-2021 champion, big-серв baseline) — прошёл Atmane 7-6(4) 7-6(8) за 2ч9мин в R3, спас 2 матчбола Atmane в тайбрейке 2-го сета. Paul [18] (USA, ~#25, home hard, стабильный сезон 2026) — прошёл Hurkacz 6-4 6-7(3) 6-3 в R2 (3 сета, fatigue). H2H 4-3 Zverev, 2-2 hard, последний матч Toronto-26 6-4 6-4 Zverev. Класс+ranking+surface+recent H2H за немцем; home advantage+свежесть-в-3-сетах за Paul. Кэф 1.36 (implied 74%) выше моей 65% — value 0.88 отсутствует. Пропуск. Ожидаемый исход favored Zverev."
2026-08-19,ATP 1000 Cincinnati,Hard,Taylor Fritz,Christopher O'Connell,82,18,1.20,4.50,Пропуск,Нет (0.82*1.20=0.98),4,П2 6-7(3) 6-2 7-5,"R4. Fritz [6] (USA, экс-#4, US-хард специалист, Washington-26 champion, 8-матчевая winning streak на американском харде) — прошёл Merida 6-3 6-4 в R3 (после легендарного разбитого-в-4-минуте ракетка эпизода). O'Connell (AUS, ~#75, стабильный all-court) — получил walkover от Fonseca (травма живота), самый свежий игрок в поле, но 0 матчей от бэклога. H2H 1-0 Fritz (Wimbledon 2022 4-6 6-3 6-3 6-3). Класс+surface+home+свежесть Fritz vs полностью свежий O'Connell без ритма. Кэф 1.20 (implied 83%) равен моей 82% — value 0.98 отсутствует. Пропуск, near-lock на Fritz."
2026-08-19,WTA 1000 Cincinnati,Hard,Amanda Anisimova,Linda Noskova,45,55,2.00,1.83,Noskova ML (small stake),Слабый (0.55*1.83=1.01),3,П1 6-1 6-4,"R4. Anisimova [9] (USA, ~#10, wrist-injury возврат, 8-4 после come-back, только 2 top-20 победы в 2026) — вырвала Eala 4-6 6-4 6-2 в R3 (первая top-20 победа с февраля). Noskova [6] (CZE, Wimbledon champion 2026, ~#12, all-court aggressive, big-forehand) — прошла Tauson 7-6 6-2 в R3 стабильно. H2H 2-1 Anisimova (Beijing final 2025 7-6 3-6 6-4 в её пользу). Модель Dimers даёт Noskova 51%. Носкова: GS-title momentum+свежее prime; Anisimova: injury-recovery+psychology-баланс. Кэф 1.83 (implied 55%) равен моей оценке 55% — value 1.01 marginal. Малая ставка на чешку."
2026-08-19,WTA 1000 Cincinnati,Hard,Mirra Andreeva,Marta Kostyuk,68,32,1.45,2.75,Пропуск,Нет (0.68*1.45=0.99),4,П2 4-6 6-0 6-2,"R4. Andreeva [5] (RUS, 19, экс-#5, RG-2025 champion, most WTA 1000 wins ever by teenager) — прошла Tjen 6-1 7-6(5) в R3 (rough patch окончен, лучший matchup недели). Kostyuk [10] (UKR, ~#12, all-court aggressive baseline) — прошла Stephens 7-5 7-5 в R3. H2H 2-1 Andreeva (Berlin 2025 6-4 6-2, Beijing 2024 упорный). Класс+age-momentum+H2H+returning game за россиянкой; big-forehand+experience+backhand-power за украинкой. Кэф 1.45 (implied 69%) чуть выше моей 68% — value 0.99 отсутствует. Пропуск, favored Andreeva."
2026-08-19,WTA 1000 Cincinnati,Hard,Iga Swiatek,Diane Parry,88,12,1.08,8.50,Пропуск,Нет (0.88*1.08=0.95),5,П1 6-3 6-3,"R4. Swiatek [7] (POL, экс-#1, 5x GS champ, defending Cincinnati champion 2025, форма улучшается) — прошла Sakkari 4-6 6-1 6-1 в R3 (регруппировалась после дропнутого сета). Parry (FRA, ~#75, all-court baseline, компактная игра, big-forehand crosscourt) — вышла в R4 через upset seed. H2H 1-0 Swiatek (RG 2022 6-3 6-2 clay). Класс+GS-опыт+defending champion+returning game+forehand подавляюще за полькой. Кэф 1.08 (implied 93%) выше моей 88% — value 0.95, пропуск. Near-lock исход."
2026-08-19,WTA 1000 Cincinnati,Hard,Aryna Sabalenka,Ekaterina Alexandrova,62,38,1.44,2.75,Alexandrova ML (small stake),Слабый (0.38*2.75=1.05),3,Матч не состоялся (Alexandrova проиграла Bejlek 4-6 6-1 6-2 в R3),"R4. Sabalenka [1] (BLR, #1, 38-7 в 2026, 25-2 на харде, 3x финалистка Cincinnati) — вырвала Gibson (WC ~#150) в R2 на 6-м матчболе за 3 сета: тревожный сигнал формы. Alexandrova [16] (RUS, ~#20, big-серв power baseline) — 3 недели назад upset Sabalenka в Toronto R4 7-6(3) 4-6 6-4, вышла в 3-й раунд Cincy. H2H 4-2 Sabalenka overall, но последний матч — Alexandrova. Класс+#1-статус+3 финала Cincy за белорусской; recent H2H+свежая-победа+psychology+власть big-серва за россиянкой. Кэф Alexandrova 2.75 (implied 36%) чуть ниже моей 38% — value 1.05 marginal. Малая ставка на россиянку. Rematch motivation+forma delta стоит риска."
2026-08-19,WTA 1000 Cincinnati,Hard,Elena Rybakina,Diana Shnaider,70,30,1.40,2.95,Пропуск,Нет (0.70*1.40=0.98),3,П1 6-4 6-4,"R4. Rybakina [2] (KAZ, ex-Wimbledon champ, race for #1, 39-11 в 2026, 26-5 на харде) — прошла Frech 6-4 7-6(2) в R3 стабильно. Shnaider [14] (RUS, лефти, 20, ~#15, breakout сезон: RG SF, Toronto R4 upset Pegula) — прошла R3 через опасный ретёрн. H2H 1-0 Rybakina (Beijing 2024 6-2 6-4 hard). Класс+серв+power+surface+H2H за казашкой; лефти-угол+youth-momentum+returning за россиянкой. Кэф 1.40 (implied 71%) равен моей 70% — value 0.98 отсутствует. Пропуск, favored Rybakina."
2026-08-20,WTA 1000 Cincinnati,Hard,Aryna Sabalenka,Sara Bejlek,85,15,1.19,4.70,Пропуск,Слабый (0.85*1.19=1.01),4,П2 7-6(7) 6-4,"R16 (rescheduled). Sabalenka [1] (BLR, #1 WTA, 40-7 в 2026, 27-2 на харде, 3x финалистка Cincinnati) — прошла Wang Xinyu 6-1 6-3 в R32 (54 мин), но в R2 вырвала WC Gibson на 6-м матчболе за 3 сета (тревожный сигнал формы). Bejlek (CZE, 19, ~#35, career-first WTA title Abu Dhabi-26 на клее) — upset Alexandrova 4-6 6-1 6-2 в R3. H2H 0-0. Класс+ranking+surface+GS-опыт подавляюще за белорусской; молодость+momentum за чешкой. Кэф 1.19 (implied 84%) близок к моей 85% — value 1.01 marginal. Пропуск/микро-ставка. Ожидаемый исход — Sabalenka в straights."
2026-08-20,ATP 1000 Cincinnati,Hard,Arthur Fils,Alex de Minaur,58,42,1.55,2.37,Fils ML (small stake),Слабый (0.58*1.55=0.90),2,П1 6-3 6-4,"R16 (resuming, rain-suspended в среду). Fils [21] (FRA, 21, ~#22, big-forehand aggressive baseline, вырос в 2026) vs de Minaur [5] (AUS, ~#8, defensive counterpuncher, top-10 стабильный). Odds implied Fils 65% / de Minaur 42% — рынок отражает live-состояние приостановки (unknown позиция). H2H неясен. Class+consistency за австралийцем; power+home-hopeful+aggression за Fils. Кэф 1.55 (implied 65%) выше моей 58% — value 0.90 отсутствует. Малая ставка/пропуск: слишком неопределённое resume-состояние. Уверенность низкая."
2026-08-20,ATP 1000 Cincinnati,Hard,Alexander Zverev,Tommy Paul,72,28,1.36,3.10,Пропуск,Нет (0.72*1.36=0.98),4,П2 4-6 7-6(6) 6-4,"R16 (resuming, rain-suspended в среду при счёте Zverev 6-4, 3-4 во 2-м сете). Zverev [1] (GER, #3 ATP, 44-11 в 2026, defending Cincinnati-2021 champion) ведёт сет + чуть отстаёт по брейкам во 2-м — по позиции близок к победе. Paul [18] (USA, ~#25, home hard) — down a set, нужно 2 сета. H2H 4-3 Zverev, 2-2 hard, последний Toronto-26 6-4 6-4 Zverev. Odds pre-match Zverev 1.36 (implied 74%) близок к моей 72% при live-позиции 6-4 → value 0.98 отсутствует. Пропуск — исход favored Zverev, но live-цена уже отыграна."
2026-08-20,WTA 1000 Cincinnati,Hard,Amanda Anisimova,Linda Noskova,78,22,1.95,1.85,Пропуск,Нет (0.78*1.95=1.52 pre-match устарел),3,П1 6-1 6-4,"R16 (resuming, rain-suspended при счёте Anisimova 6-1, начало 2-го сета). Anisimova [9] (USA, ~#10, wrist-injury recovery, 8-4 после come-back, first top-20 win с февраля vs Eala в R3) — ведёт целый сет 6-1, нужно 1 сет. Noskova [6] (CZE, Wimbledon champion 2026, ~#12, big-forehand aggressive) — down set, нужно 2 сета. H2H 2-1 Anisimova (Beijing final 2025). Pre-match кэф Anisimova 1.95 устарел, live-цена сильно смещена к Anisimova. Пропуск — live-value не отследить, pre-match ставка невалидна."
2026-08-20,ATP 1000 Cincinnati,Hard,Felix Auger-Aliassime,Frances Tiafoe,60,40,1.49,2.61,Tiafoe ML (small stake),Слабый (0.40*2.61=1.04),3,П2 6-3 6-4,"R16. Auger-Aliassime [2] (CAN, ~#8, big-серв baseline) — прошёл Cerundolo 7-5 6-1 в R3 (комфортно, свежий). Tiafoe [17] (USA, ~#18, aggressive baseline, home hard) — прошёл Tien 6-4 4-6 6-4 в R3 (3-сетовый жест, fatigue). H2H 3-1 FAA overall, но Tiafoe выиграл последний (Halle-26 grass 3-6 6-3 7-6). Свежесть+ranking+серв за канадцем; home advantage+H2H-momentum за американцем. Кэф FAA 1.49 (implied 67%) выше моей 60% — value 0.89; кэф Tiafoe 2.61 (implied 38%) чуть ниже моей 40% — value 1.04 marginal. Малая ставка на Tiafoe."
2026-08-20,WTA 1000 Cincinnati,Hard,Coco Gauff,Marie Bouzkova,76,24,1.29,3.60,Пропуск,Нет (0.76*1.29=0.98),4,П1 6-3 6-2,"R16. Gauff [4] (USA, RG-2025 champion, 34-13 в 2026, home hard, big-серв+speed) — прошла Samsonova 2-6 6-4 6-1 в R2 (эмоциональный comeback после Rybakina loss в Toronto). Bouzkova [22] (CZE, ~#25, solid returner, defensive baseline) — upset Jovic [13] 7-6 7-5 в R3. H2H неясен, но класс+power+surface подавляюще за американкой. Кэф 1.29 (implied 78%) близок к моей 76% — value 0.98 отсутствует. Пропуск. Ожидаемый исход — Gauff в straights."
2026-08-20,WTA 1000 Cincinnati,Hard,Madison Keys,Xiyu Wang,72,28,1.28,4.10,Пропуск,Слабый (0.28*4.10=1.15),3,П1 7-6 6-3,"R16. Keys [7] (USA, AO-2025 champion, big-серв+big-forehand, home hard-court) — прошла Snigur 4-6 6-3 6-3 в R2 (пережила первый сет). Xiyu Wang (CHN, ~#40, aggressive baseline, big-forehand crosscourt) — стабильный сезон 2026 на харде. H2H неясен. Класс+GS-опыт+home+power за американкой; молодость-стиль+returning за китаянкой. Кэф Keys 1.28 (implied 78%) выше моей 72% — value 0.92; кэф Wang 4.10 (implied 24%) ниже моей 28% — value 1.15 marginal. Пропуск: value на Wang слишком спекулятивен на такой большой underdog при низкой уверенности."
2026-08-21,ATP 1000 Cincinnati,Hard,Tommy Paul,Flavio Cobolli,58,42,1.68,2.37,Пропуск,Нет (0.58*1.68=0.97),3,П2 2-6 6-3 6-4,"QF. Paul [18] (USA, ~#12, home hard, momentum после шокирующего 4-6 7-6(6) 6-4 upset Zverev с матчболом во 2-м сете) vs Cobolli [7] (ITA, ~#10 ATP, career-best 2026, aggressive baseline). H2H 1-0 Cobolli (Cincinnati R2 2024 6-2 4-6 7-5 close-3s). Cobolli прошёл Jodar 4-6 7-6(3) 6-3 в R4 (3 сета, fatigue). Paul также в 3 сетах c Zverev (высокий emotional cost). Обе стороны с fatigue-tell, но momentum за американцем. Кэф Paul 1.68 (implied 60%) чуть выше моей 58% — value 0.97 отсутствует. Кэф Cobolli 2.37 — value 0.40*2.37=0.95. Пропуск. Уверенность 3. Ожидаемый исход favored Paul."
2026-08-21,ATP 1000 Cincinnati,Hard,Taylor Fritz,Brandon Nakashima,68,32,1.45,2.74,Пропуск,Нет (0.68*1.45=0.99),4,П2 7-6(9) 4-6 6-3,"QF. Fritz [6] (USA, экс-#4, US-хард специалист, Washington-26 champion, 8-матчевая winning streak) — прошёл OConnell 6-4 6-3 в R4 стабильно. Nakashima [27] (USA, ~#22, breakout сезон, финалист Montreal-2026, back-to-back Masters 1000 QF) — прошёл Borges 6-3 6-7(5) 6-3 в R4 (3 сета, fatigue). H2H 4-1 Fritz (2-0 в 2026: Dallas + Washington finals). Класс+H2H+серв+свежесть за Фрицем; американский дерби. Кэф 1.45 (implied 69%) близок к моей 68% — value 0.99 отсутствует. Кэф Nakashima 2.74 — value 0.32*2.74=0.88. Пропуск. Уверенность 4. Ожидаемый исход favored Fritz."
2026-08-21,ATP 1000 Cincinnati,Hard,Arthur Fils,Thiago Agustin Tirante,75,25,1.30,3.60,Пропуск,Нет (0.75*1.30=0.98),4,П1 6-3 6-2,"QF. Fils [21] (FRA, 21, ~#22, big-forehand aggressive baseline, rise 2026) — прошёл de Minaur [5] 6-3 6-4 в R4 (upset, стабильно). Tirante (ARG, ~#100, unseeded qualifier, dark horse) — прошёл Mensik [14] 5-7 6-4 6-4 в R4, впервые в QF Masters. H2H 0-0. Dimers даёт Fils 77%. Класс+ranking+experience подавляюще за французом; молодость+run-momentum за аргентинцем. Кэф Fils 1.30 (implied 77%) равен моей 75% — value 0.98. Кэф Tirante 3.60 — value 0.25*3.60=0.90. Пропуск. Уверенность 4. Ожидаемый исход favored Fils."
2026-08-21,ATP 1000 Cincinnati,Hard,Lorenzo Musetti,Frances Tiafoe,48,52,1.89,1.91,Tiafoe ML (small stake),Слабый (0.52*1.91=0.99),2,П2 7-6(2) 7-5,"QF. Musetti [10] (ITA, ~#10 ATP, all-court, backhand-one-hand elegant) — прошёл Faria 7-5 6-2 в R4. Tiafoe [17] (USA, ~#18, aggressive baseline, home crowd) — upset Auger-Aliassime [2] 6-3 6-4 в R4, high momentum. H2H 4-4 overall (3-3 main tour), Tiafoe лидирует 2-1 на харде. Класс+ranking за итальянцем; H2H hard+home advantage+momentum за американцем. Кэф Musetti 1.89 (implied 53%) чуть выше моей 48% — value 0.91. Кэф Tiafoe 1.91 (implied 52%) равен моей 52% — value 0.99 marginal. Малая ставка на Tiafoe (home+momentum). Уверенность 2, матч near-coin-flip."
2026-08-21,WTA 1000 Cincinnati,Hard,Coco Gauff,Marta Kostyuk,55,45,1.75,2.10,Пропуск,Нет (0.55*1.75=0.96),3,П1 6-2 6-2,"QF. Gauff [4] (USA, RG-2025 champion, 35-13 в 2026, home hard, big-серв+speed) — прошла Bouzkova 6-3 6-2 в R4 (stable). Kostyuk [10] (UKR, ~#12, big-forehand aggressive baseline, chasing 9-й top-10 win 2026) — прошла Andreeva [5] в R4 upset. H2H предыдущие ~5 встреч (первая в 2026), close-matched рынком. Dimers Gauff 52-55%. Класс+GS-опыт+home за американкой; upset-momentum+forehand-power за украинкой. Кэф Gauff 1.75 (implied 57%) близок к моей 55% — value 0.96. Кэф Kostyuk 2.10 — value 0.45*2.10=0.95. Пропуск. Уверенность 3, матч close."
2026-08-21,WTA 1000 Cincinnati,Hard,Madison Keys,Sara Bejlek,72,28,1.30,3.50,Пропуск,Нет (0.72*1.30=0.94),3,П2 3-6 6-4 7-6(5),"QF. Keys [7] (USA, AO-2025 champion, big-серв+big-forehand, home hard) — прошла X.Wang 7-6 6-3 в R4 (переломный тайбрейк, close). Bejlek (CZE, 19, ~#35, career-first WTA title Abu Dhabi-26) — sensational 7-6(9-7) 6-4 upset Sabalenka #1 в R4 (finish past midnight), high momentum. H2H 0-0. Класс+GS-опыт+home+power за американкой; молодость+upset-momentum+giant-killer за чешкой. Кэф Keys 1.30 (implied 77%) выше моей 72% — value 0.94. Кэф Bejlek 3.50 — value 0.28*3.50=0.98 marginal. Пропуск: Keys favored, Bejlek возможно спекулятивный underdog value при её текущем состоянии после ночного марафона. Уверенность 3."
2026-08-22,ATP 1000 Cincinnati,Hard,Flavio Cobolli,Arthur Fils,35,65,3.00,1.50,Пропуск,Нет (0.35*3.00=1.05 marg; 0.65*1.50=0.98),3,П2 6-3 6-4,"SF. Cobolli (ITA, ~#10, first Masters 1000 SF, ATP 500 Acapulco champion 2026) — прошёл Paul 2-6 6-3 6-4 в QF после трёх подряд 3-сетовых матчей (Kecmanovic, Blockx, Paul), высокая усталость. Fils (FRA, 22, ~#22, ATP 500 Barcelona champion 2026, третий Masters 1000 SF в сезоне — первый француз с Guy Forget 1991) — прошёл Tirante 6-3 6-2 за 64 мин, свежий, потерял 1 сет за турнир. H2H 2-0 Fils (NextGen 2023, Monte-Carlo 2025), оба в straights. Модель Dimers даёт Fils 73%. Класс, свежесть, H2H, серв за французом; форма-момент, boys-первый-Masters-SF за итальянцем. Кэф Fils 1.50 (implied 67%) равен моей 65% — value 0.98. Кэф Cobolli 3.00 — value 0.35*3.00=1.05 marg. Пропуск. Ожидаемый исход favored Fils, но fatigue-vs-freshness ассиметрия может дать Cobolli шанс через тайбрейки."
2026-08-22,WTA 1000 Cincinnati,Hard,Iga Swiatek,Jessica Pegula,65,35,1.53,2.90,Пропуск,Нет (0.65*1.53=0.99; 0.35*2.90=1.02 marg),3,П2 7-5 4-6 6-4,"SF. Swiatek [7] (POL, экс-#1, 5x GS champ, defending Cincinnati champion 2025) — прошла Rybakina в QF walkover (retire, левая пятка, при 4-1 Swiatek), свежая, минимум игрового времени в QF. Pegula (USA, ~#5, home hard, 2024 US Open финалистка) — выжила Anisimova 6-2 4-6 7-6(4) в QF (hip niggle), высокая fatigue. H2H 7-5 Swiatek на харде, последний Rome QF 2026 6-1 6-2 Swiatek dominant. Class+GS-опыт+freshness+H2H+returning game за полькой; home+experience за американкой. Кэф Swiatek 1.53 (implied 65%) равен моей 65% — value 0.99. Кэф Pegula 2.90 — value 0.35*2.90=1.02 marg. Пропуск. Ожидаемый исход favored Swiatek, но Pegula home crowd и close H2H дают ограниченный upside underdog value."
2026-08-24,WTA 500 Monterrey,Hard,Clara Tauson,Renata Zarazua,62,38,1.50,2.60,Пропуск,Нет (0.62*1.50=0.93; 0.38*2.60=0.99),3,П2,"R1. Tauson [4] (DEN, ~#42, ex-Top 20, aggressive baseline с большой первой подачей) vs Zarazua (MEX, ~#73, WC, home hero, тактическая игра с pace and fighting spirit). Tauson: recent SF Athens WTA 250, но R1 exits в Washington и Toronto, R2 loss Cincinnati vs Cocciaretto. Zarazua на 1.60m относится на pace и тактику, home crowd в Мексике — серьёзный фактор. H2H 1-0 Zarazua (BJK Cup 2024 7-6 3-6 7-5 на клее). Класс+ранг+power за датчанкой; home advantage+H2H (пусть и в другом контексте) за мексиканкой. Ожидаемые кэфы Tauson ~1.50, Zarazua ~2.60. Value близко к 1.00 для обеих сторон — пропуск."
2026-08-24,WTA 500 Monterrey,Hard,Dayana Yastremska,Janice Tjen,55,45,1.75,2.10,Пропуск,Нет (0.55*1.75=0.96; 0.45*2.10=0.95),2,П2 6-4 6-1,"R1. Yastremska (UKR, WC, ~#37, AO 2024 SF, big-серв и мощный форхенд) vs Tjen [7] (INA, ~#28, breakout сезон 2026, аггрессивная baseline). Yastremska имеет больший опыт и более высокий потолок, но нестабильна и recent forme неровная — недавний R1 loss Maria в Cincinnati (7-5 6-3). Tjen — молодая звезда, но проиграла Andreeva в Cincinnati R3 6-1 7-6(5). Seeding отдаёт preference Tjen, но опыт и pure power за украинкой. Ожидаемые кэфы Yastremska ~1.75, Tjen ~2.10. Value neither — пропуск, матч near coin-flip с чуть большим risk от Yastremska."
2026-08-24,WTA 500 Monterrey,Hard,Yuliia Starodubtseva,Lilli Tagger,40,60,2.20,1.65,Пропуск,Нет (0.40*2.20=0.88; 0.60*1.65=0.99),3,П1 6-3 6-4,"R1. Starodubtseva (UKR, ~#70, 16-17 в 2026, финалистка Charleston на клее, 6-матчевая losing streak на харде) vs Tagger (AUT, ~#85, next-gen прорыв, WTA Prague champion 2026, 22-12 всего). Tagger квалифицировалась в Cincinnati но проиграла R1. Recent momentum и youth за австрийкой; morale и форма против Starodubtseva. Ожидаемые кэфы Tagger ~1.65, Starodubtseva ~2.20. Value neither — пропуск. Tagger favored."
2026-08-24,WTA 500 Monterrey,Hard,Nikola Bartunkova,Antonia Ruzic,62,38,1.55,2.45,Пропуск,Нет (0.62*1.55=0.96; 0.38*2.45=0.93),3,П1 6-4 6-3,"R1. Bartunkova (CZE, 20, ~#65, 20-14 в сезоне, uptrend на всех уровнях) vs Ruzic (CRO, 23, ~#75, career-high #50 в этом году но 13-18 в сезоне, ниже ожиданий). Bartunkova поднимается, Ruzic буксует. Класс+form+youth за чешкой; expertise+ranking за хорваткой. Модели рынка favored Bartunkova. Ожидаемые кэфы Bartunkova ~1.55, Ruzic ~2.45. Value близко к 1.00 — пропуск."
2026-08-24,WTA 500 Monterrey,Hard,Oleksandra Oliynykova,Mayar Sherif,45,55,2.10,1.75,Пропуск,Нет (0.45*2.10=0.95; 0.55*1.75=0.96),2,П1,"R1. Oliynykova (UKR, ~#55, career-high top 50, SF Iasi на клее, clay-специалист) vs Sherif (EGY, ~#50, WTA veteran, SF Hamburg и champion Iasi на клее, hard-record слабый 21% career). H2H 1-0 Sherif (Iasi 2026 SF 6-4 7-6). Обе — клеевые специалистки на не самом лучшем surface. Sherif чуть выше в rankings и с недавней H2H победой. Ожидаемые кэфы Sherif ~1.75, Oliynykova ~2.10. Value neither — пропуск, near coin-flip."
2026-08-24,WTA 500 Monterrey,Hard,Alycia Parks,Petra Marcinko,60,40,1.60,2.40,Пропуск,Нет (0.60*1.60=0.96; 0.40*2.40=0.96),2,П1 (Parks comeback с 1 сета + 3-1 down),"R1. Parks (USA, ~#60, big-серв power baseline, 2023 Lyon champion) vs Marcinko (CRO, 20, ~#95, young talent, ex-#1 юниор). Parks с преимуществом по серву и power, home continent (Americas). Marcinko молодая, но пока без прорыва на tour-level. Recent form Parks — R2 Cincinnati loss Golubic. Ожидаемые кэфы Parks ~1.60, Marcinko ~2.40. Value neither — пропуск, Parks favored."
2026-08-25,ATP 250 Winston-Salem,Hard,Luciano Darderi,Mattia Bellucci,42,58,2.05,1.80,Bellucci ML (small stake),Слабый (0.58*1.80=1.04),3,П2 6-4 6-2,"R2. Darderi [2] (ITA, ~#28, clay-специалист, элита на грунте, харды слабейшая поверхность) vs Bellucci (ITA, лефти, ~#65, aggressive baseline, недавно почти обыграл Mensik в Cincinnati R1). H2H неясен. Class/ranking за Дардери, но surface фит и recent form за левшой. Bellucci на harde больше подходит по стилю. Модель Last Word Sports даёт Bellucci slight edge. Кэф Bellucci 1.80 (implied ~55%) — value 1.04 marginal. Малая ставка на левшу. Уверенность 3."
2026-08-25,ATP 250 Winston-Salem,Hard,Miomir Kecmanovic,Fabian Marozsan,45,55,2.05,1.80,Marozsan ML (small stake),Слабый (0.55*1.80=0.99),2,П1 6-4 6-3,"R2. Kecmanovic (SRB, ~#55, солидный all-court, прошёл Shimabukuro 6-4 6-3 в R1, comfortable win) vs Marozsan (HUN, ~#48, аггресивный baseliner с плоскими ударами, upset-potential — известен победой над Alcaraz на клее). H2H неясен. Класс близок; Marozsan обычно опасен на быстрых покрытиях за счёт flat forehand и ранней игры на приёме. Кэф Marozsan ~1.80 близок к моей оценке 55%, value marginal (0.99). Матч near coin-flip с чуть большим upside у венгра. Уверенность 2."
2026-08-25,ATP 250 Winston-Salem,Hard,Stefanos Tsitsipas,Jenson Brooksby,58,42,1.65,2.25,Пропуск,Нет (0.58*1.65=0.96; 0.42*2.25=0.95),2,П1 6-4 7-6(6),"R2. Tsitsipas [7] (GRE, экс-#3, one-handed backhand, ранее сильный на быстрых hard, но 2026 сезон unstable — форма падает) vs Brooksby (USA, ~#100, возвращение после длительной травмы, гритти baseliner). Class/ranking/experience за греком; молодость+home hard advantage+returning game за американцем. Tsitsipas на быстром hard уязвим против плотных counter-punchers. Кэф Tsitsipas ~1.65 (implied 61%) выше моей 58% — value 0.96; кэф Brooksby ~2.25 — value 0.95. Value neither, пропуск. Уверенность 2 — матч непредсказуем."
2026-08-25,ATP 250 Winston-Salem,Hard,Botic van de Zandschulp,Adolfo Daniel Vallejo,68,32,1.40,3.00,Пропуск,Нет (0.68*1.40=0.95; 0.32*3.00=0.96),3,П1 6-2 6-0,"R2. Van de Zandschulp (NED, экс-#22, серв+бэкхенд-слайс, comfortable на hard, US Open QF-2021) vs Vallejo (PAR, WC/qualifier, ~#200+, прошёл PCB по retirement в R1). Class+ranking+hard-court опыт подавляюще за голландцем; Vallejo сюрприз-игрок без tour-level footprint. Ожидаемый кэф vdZ ~1.40 близок к моей оценке 68%. Value neither, пропуск. Уверенность 3 — vdZ favored явно, но кэф уже учитывает."
2026-08-25,WTA 500 Monterrey,Hard,Donna Vekic,Diane Parry,62,38,1.62,2.31,Пропуск,Нет (0.62*1.62=1.00; 0.38*2.31=0.88),3,П2 (Parry comeback с 1 сета),"R1. Vekic [6] (CRO, ~#22, big-серв+forehand, экс-Wimbledon SF 2024, стабильный tour-veteran) vs Parry (FRA, ~#75, one-handed backhand, tactical baseliner). Vekic класс, ranking, power подавляюще выше; Parry опасна только на клее (карьерный best там). H2H неясен. Кэф Vekic 1.62 (SportyTrader, implied 62%) равен моей 62% — value ровно 1.00. Кэф Parry 2.31 — value 0.88. Пропуск (edge отсутствует). Уверенность 3."
2026-08-25,WTA 500 Monterrey,Hard,Cristina Bucsa,Anna Bondar,55,45,1.75,2.10,Пропуск,Нет (0.55*1.75=0.96; 0.45*2.10=0.95),2,П1 6-4 6-3,"R1. Bucsa (ESP, ~#65, all-court, tactical) vs Bondar (HUN, ~#95, aggressive baseliner). Head to head неясен. Bucsa чуть выше в rankings и в лучшей форме на hard в 2026; Bondar clay-oriented. Ожидаемые кэфы Bucsa ~1.75, Bondar ~2.10. Value neither — near coin-flip. Пропуск. Уверенность 2 — оба выше R1-класса Monterrey."
2026-08-25,WTA 500 Monterrey,Hard,Maria Timofeeva,Zhang Shuai,58,42,1.65,2.30,Пропуск,Нет (0.58*1.65=0.96; 0.42*2.30=0.97),2,П1 6-1 6-3,"R1. Timofeeva (RUS, ~#90, big-hitter, прорывной 2024 но нестабильный 2026) vs Zhang Shuai (CHN, ~#100, tour-veteran, экс-топ-30, ex-AO QF). Zhang возрастная и recent форма слабая (расстройство после травм). H2H неясен. Class/experience за китаянкой; молодость+power за русской. Ожидаемые кэфы Timofeeva ~1.65, Zhang ~2.30. Value neither. Пропуск. Уверенность 2 — match uncertain."
2026-08-26,WTA 500 Monterrey,Hard,Ekaterina Alexandrova,Renata Zarazua,75,25,1.28,3.75,Пропуск,Нет (0.75*1.28=0.96; 0.25*3.75=0.94),4,Матч не состоялся (Zarazua выбыла R1 vs Tauson; Alexandrova в R16 проиграла Tauson 6-7(6) 6-4 3-6),"R16. Alexandrova [1] (RUS, экс-#12, big-серв power baseline, 3 недели назад upset Sabalenka в Toronto R4, свежий bye из R1) vs Zarazua (MEX, WC, ~#73, home hero, 1.60m, tactical fighter — upset Tauson 6-1 7-6 в R1). H2H неясен, но огромный gap в rankings, серве и power за русской. Zarazua опасна дома, но потолок ниже. Кэф Alexandrova 1.28 (implied 78%) чуть выше моей 75% — value 0.96. Пропуск. Ожидаемый исход favored Alexandrova в 2 сетах."
2026-08-26,WTA 500 Monterrey,Hard,Maja Chwalinska,Oleksandra Oliynykova,58,42,1.55,2.50,Пропуск,Нет (0.58*1.55=0.90; 0.42*2.50=1.05 marg),2,Матч не состоялся (Chwalinska в R16 играла vs Parks и проиграла 6-3 2-6 2-6),"R16. Chwalinska [3] (POL, ~#48, defensive baseliner, clay-specialist, hard — не лучший surface) vs Oliynykova (UKR, ~#55, upset Sherif в R1) свежая. Chwalinska bye из R1. H2H неясен. Обе clay-oriented игроки на hard; форма Oliynykova после R1-победы выше. Кэф Chwalinska 1.55 (implied 65%) выше моей 58% — value 0.90. Кэф Oliynykova 2.50 — value 1.05 marg. Пропуск. Матч непредсказуем, уверенность 2."
2026-08-26,WTA 500 Monterrey,Hard,Anastasia Potapova,Nikola Bartunkova,55,45,1.72,2.10,Bartunkova ML (small stake),Слабый (0.45*2.10=0.94),2,П2 (Bartunkova выиграла R16; точный счёт не подтверждён источниками),"R16. Potapova [4] (RUS/AUS, ~#40, big-forehand aggressive baseliner, past top-30, ranked-slide в 2026) vs Bartunkova (CZE, 20, ~#65, uptrend, прошла Ruzic 6-4 6-3 в R1 comfortable). Potapova bye из R1 — свежая, но recent форма шаткая. Bartunkova young, match-fit после R1. H2H неясен. Класс/experience за русской; форма/momentum/youth за чешкой. Кэф Potapova 1.72 (implied 58%) чуть выше моей 55% — value 0.95; кэф Bartunkova 2.10 — value 0.94 marg. Пропуск/малая ставка. Матч near coin-flip, уверенность 2."
2026-08-26,ATP 250 Winston-Salem,Hard,Stefanos Tsitsipas,Luca Van Assche,62,38,1.50,2.60,Пропуск,Нет (0.62*1.50=0.93; 0.38*2.60=0.99),3,Матч не состоялся (Van Assche выбыл R2 vs Kovacevic 1-6 6-7(6); Tsitsipas в R16 проиграл Kovacevic 3-6 6-7),"R16. Tsitsipas [7] (GRE, экс-#3, WC, one-handed backhand, tour-veteran) — прошёл Brooksby 6-4 7-6(6) в R2 с 3 матчболами (тревожный сигнал tightness под давлением). Van Assche [11] (FRA, ~#40, 4-матчевая winning streak после титула Quebec City) — прошёл Kovacevic в R2 (предположительно фаворит). Форма за французом (fresh title-momentum); класс/GS-опыт за греком. H2H неясен. Кэф Tsitsipas 1.50 (implied 67%) выше моей 62% — value 0.93. Пропуск. Уверенность 3 — Tsitsipas favored но не бесспорно."
2026-08-26,ATP 250 Winston-Salem,Hard,Ignacio Buse,Mattia Bellucci,52,48,1.85,1.95,Пропуск,Нет (0.52*1.85=0.96; 0.48*1.95=0.94),2,Матч не состоялся (Buse в R16 победил Altmaier 7-6(5) 7-5; Bellucci не дошёл до этого матча),"R16 (потенциальная секция [3]-Buse). Buse [3] (PER, ~#45, aggressive baseliner, чуть выше по seed) vs Bellucci (ITA, лефти, ~#65, upset Darderi [2] 6-4 6-2 в R2 — impressive momentum). H2H неясен. Class/seed за Buse; лефти-угол+form/momentum после upset за Bellucci. Кэфы close к 50/50, near coin-flip. Малая ценность или пропуск. Уверенность 2 — матч open, opponent-projection может отличаться (сверить с actual draw)."
2026-08-26,ATP 250 Winston-Salem,Hard,Daniil Medvedev,Martin Damm,78,22,1.22,4.50,Пропуск,Нет (0.78*1.22=0.95; 0.22*4.50=0.99),4,П2 7-5 6-3,"R16 (или R2 если Medvedev в задержке). Medvedev [1] (RUS, ex-#1, US Open champion 2021, WC в этот event ищет форму перед US Open, defending semi-finalist в past) vs Damm (USA, WC/qualifier, ~#150+, young ATP transitioning). H2H неясен, но огромный gap в class/ranking/experience подавляюще за русским. Кэф Medvedev 1.22 (implied 82%) чуть выше моей 78% — value 0.95. Пропуск. Уверенность 4 — ожидаемый исход favored Medvedev в 2 сетах."
2026-08-27,WTA 500 Monterrey,Hard,Clara Tauson,Diane Parry,55,45,1.70,2.20,Tauson ML,Да (0.55*1.70=0.94),3,П2 6-4 7-6(3),"QF. Tauson (DEN, ~#12) выиграла R2 у Alexandrova (upset), молодая big-server power baseline, форма отличная (5/6). Parry (FRA, ~#45) прошла Vekic (6) и Oliynykova в 3 сетах — устала (два марафона подряд). H2H 1-1 на харде, Tauson выиграла последний в Токио 2024. Класс+свежесть за датчанкой; Parry опасна defense-ретёрном. Кэф 1.70 (implied 59%) выше моей 55% — value 0.94, marginal. Малая ставка на Tauson."
2026-08-27,WTA 500 Monterrey,Hard,Anastasia Potapova,Cristina Bucsa,60,40,1.55,2.50,Пропуск,Нет (0.60*1.55=0.93),3,Матч не состоялся (Potapova проиграла R16 Bartunkova; Bucsa проиграла R16 Vidmanova 4-6 5-7),"QF (предположительно). Potapova [4] (RUS, ~#22, aggressive baseline) — прошла Bartunkova в R2, H2H 3-0. Bucsa (ESP, ~#48) уверенно взяла Bondar 6-4 6-3, стабильная counter-puncher. H2H 1-0 Potapova (Prague 2023). Класс+power за русской; Bucsa даст сопротивление ретёрном. Кэф 1.55 (implied 65%) выше моей 60% — value 0.93, пропуск. Данные по R2 ограниченные."
2026-08-27,WTA 500 Monterrey,Hard,Elise Mertens,Ann Li,50,50,1.90,1.95,Пропуск,Baseline (0.50*1.90=0.95),2,Матч не состоялся (Mertens QF vs Starodubtseva; Ann Li QF vs Parks — матчи по разным веткам),"QF (предположительно). Mertens [2] (BEL, ~#25, all-court experienced) — bye R1, R2 непроверенный. Ann Li (USA, ~#40, flat-hitter baseline) взяла Osorio 6-1 6-2 в R1. H2H 2-1 Mertens, обе на харде. Форма Li резко улучшилась летом 2026. Coin-flip: опыт vs momentum. Кэф на равных ~1.90. Пропуск — непредсказуемо. Ограниченность данных по R2."
2026-08-27,WTA 500 Monterrey,Hard,Maja Chwalinska,Maria Timofeeva,45,55,2.10,1.75,Timofeeva ML,Да (0.55*1.75=0.96),3,Матч не состоялся (Chwalinska проиграла R16 Parks; Timofeeva проиграла R16/QF Ann Li),"QF (предположительно). Chwalinska [3] (POL, ~#28) — bye, R2 vs Parks. Timofeeva (RUS, ~#65, qualifier) — выиграла Zhang Shuai 6-1 6-3, свежая форма. H2H 0-0. Timofeeva breakout сезон 2026, aggressive ball-striker, лучше в 3-set матчах. Chwalinska more consistent, но counter-puncher под давлением слабее. Кэф 1.75 (implied 57%) близко к моей 55% — value 0.96, marginal. Малая ставка. Данные по Chwalinska R2 ограниченные."
2026-08-27,ATP 250 Winston-Salem,Hard,Aleksandar Kovacevic,Martin Damm,40,60,2.30,1.65,Damm ML,Да (0.60*1.65=0.99),3,Матч не состоялся (Kovacevic в QF победил Fery 6-3 7-6(1); Damm в QF проиграл Marozsan 6-2 3-6 3-6),"QF (предположительно). Kovacevic (USA, ~#75, all-court) — предположительно взял Tsitsipas в R2 (upset). Damm Jr. (USA, WC, ~#170) — уже победил Medvedev 7-5 6-3 в R2, огромный подача-forehand, huge confidence. H2H 0-0. Damm — home hero, momentum wave, best week of career. Kovacevic solid ретёр, но плотный ATP-опыт против big-server слабее. Кэф 1.65 (implied 61%) чуть выше моей 60% — value 0.99, marginal. Малая ставка на Damm."
2026-08-27,ATP 250 Winston-Salem,Hard,Sebastian Baez,Ignacio Buse,60,40,1.55,2.50,Пропуск,Нет (0.60*1.55=0.93),3,Матч не состоялся (Baez сошёл в R16 vs Cerundolo при 2-6 0-4; QF был Cerundolo vs Buse),"QF (предположительно). Baez [10] (ARG, ~#38, топ-грайндер, backhand-slice defense) — прошёл 7-5 7-6(2) в R2. Buse [3] (PER, ~#48, aggressive baseline) — новый ATP-игрок сезона, upset-победа над Waltоn в R1. H2H 0-0. Оба South Americans, обычно clay-специалисты, но на харде Baez чуть более опытный, лучше выбор шотов. Buse обладает higher-ceiling shots. Кэф 1.55 (implied 65%) выше моей 60% — value 0.93, пропуск. Умеренная уверенность."
2026-08-28,WTA 500 Monterrey,Hard,Diane Parry,Ann Li,48,52,2.05,1.80,Пропуск,Слабый (0.48*2.05=0.98; 0.52*1.80=0.94),2,Матч перенесён на SF 2026-08-29 (см. строку ниже),"SF. Parry (FRA, ~#45, one-handed backhand, tactical defender) обыграла Tauson 6-4 7-6(3) в QF — pat 5/6 матчей, но два тяжёлых тайм-брейка подряд оставили усталость. Ann Li [5] (USA, ~#30, flat-hitting power baseliner) прошла QF (Parks/Timofeeva) без затянутых сетов. H2H неясен. Ann Li выше по classу и rankings, свежее физически; Parry опасна разнообразием ретёра и разрушает ритм плоскоударницам. Кэфы close ~ 2.05/1.80. Value neither, near coin-flip. Уверенность 2. Пропуск."
2026-08-28,WTA 500 Monterrey,Hard,Elise Mertens,Yuliia Starodubtseva,62,38,1.55,2.50,Пропуск,Нет (0.62*1.55=0.96; 0.38*2.50=0.95),3,П1 6-1 6-4 (сыгран как QF),"SF. Mertens [2] (BEL, ~#25, all-court тур-ветеран, экс-топ-15, элитный ретёр и стабильная baseline) прошла Udvardy 6-1 4-6 6-3 в R16 и QF (Starodubtseva задерживается на Aug 28). Starodubtseva (UKR, ~#60, aggressive baseliner, breakout сезон) — свежая, но потолок ниже. H2H 1-0 Mertens. Класс/experience/H2H за бельгийкой; upset-риск умеренный. Кэф Mertens 1.55 (implied 65%) близко к моей 62% — value 0.96. Пропуск. Уверенность 3."
2026-08-28,ATP 250 Winston-Salem,Hard,Benjamin Bonzi,Juan Manuel Cerundolo,58,42,1.65,2.25,Bonzi ML (small stake),Слабый (0.58*1.65=0.96),3,Матч не состоялся (Cerundolo проиграл Buse в QF 6-7(4) 6-4 6-2; SF: Bonzi vs Buse),"SF. Bonzi (FRA, ~#38, серв+forehand power, hard-court specialist) прошёл Hijikata и Van de Zandschulp 7-6 6-4 в QF — сильная форма на быстром харде. Cerundolo (ARG, ~#75, clay-oriented all-court) прошёл Baez (retirement) в R16 и Buse в QF, но surface фит слабее — clay-игрок на харде теряет отскок. H2H неясен. Bonzi имеет решающее преимущество на surface (серв+ретёрный ритм). Кэф Bonzi 1.65 (implied 61%) чуть выше моей 58% — value 0.96 marginal. Малая ставка на Bonzi. Уверенность 3."
2026-08-28,ATP 250 Winston-Salem,Hard,Aleksandar Kovacevic,Fabian Marozsan,48,52,2.00,1.80,Пропуск,Слабый (0.48*2.00=0.96; 0.52*1.80=0.94),2,Матч не состоялся (Kovacevic проиграл Fery 3-6 7-5 6-3 в QF; Marozsan проиграл Duckworth 6-7(4) 2-6 4-6 в QF; SF: Fery vs Duckworth),"SF. Kovacevic (USA, ~#75, all-court, домашний фактор) на карьерной серии: R16 upset Tsitsipas 6-3 7-6, QF победа над Fery 6-3 7-6(1) — форма+momentum+home advantage. Marozsan [11] (HUN, ~#48, flat-forehand aggressive baseliner, известен upset над Alcaraz на клее) прошёл Damm 6-2 3-6 3-6 в QF — тяжёлая физическая работа. H2H неясен. Класс/ranking чуть за Marozsan; форма/momentum/home за Kovacevic; Marozsan играл 3 сета в QF vs Kovacevic 2 сета — усталость венгра. Near coin-flip, но edge за Kovacevic из-за домашней обстановки и свежести. Кэфы 2.00/1.80. Value neither. Уверенность 2. Пропуск."
2026-08-29,WTA 500 Monterrey,Hard,Ann Li,Diane Parry,55,45,1.58,2.40,Parry ML (small stake),Да (0.45*2.40=1.08),3,П2 7-6(7) 6-4,"SF. Ann Li (USA, ~#30, flat-hitting power baseline) прошла Alycia Parks 6-2 6-3 в QF без потерянных BP — доминантная форма. Diane Parry (FRA, ~#45, one-handed backhand, tactical defender) обыграла Tauson 6-4 7-6(3) в QF после долгого тайм-брейка (усталость). H2H 1-1: Parry выиграла последний в RG 6-3 6-4. Класс/свежесть/hard-court фит за американкой; тактическое разнообразие+H2H edge за француженкой. Кэф Li 1.58 (implied 63%) выше моей 55% — value 0.87. Кэф Parry 2.40 (implied 42%) ниже моей 45% — value 1.08 (small edge). Малая ставка на Parry ML. Уверенность 3."
2026-08-29,WTA 500 Monterrey,Hard,Elise Mertens,Nikola Bartunkova,55,45,1.67,2.15,Пропуск,Нет (0.55*1.67=0.92; 0.45*2.15=0.97),3,П1 1-6 6-4 6-2,"SF. Mertens [2] (BEL, ~#25, all-court тур-ветеран, элитный ретёр) обыграла Starodubtseva 6-1 6-4 в QF — форма отличная. Bartunkova (CZE, 20, ~#48, uptrend) прошла Vidmanova 6-4 6-3 7-6 в QF в 3-сетнике (усталость). H2H 1-1, на харде 1-0 Mertens, но последняя встреча Berlin 2026-06 — Bartunkova 6-1 6-4. Класс/experience/свежесть за бельгийкой; youth/momentum/last-H2H за чешкой. Кэф Mertens 1.67 (implied 60%), Bartunkova 2.15 (implied 47%). Value neither. Пропуск. Уверенность 3."
2026-08-29,ATP 250 Winston-Salem,Hard,Ignacio Buse,Benjamin Bonzi,42,58,1.95,1.85,Bonzi ML,Да (0.58*1.85=1.07),4,П1 6-2 4-6 6-1,"SF. Buse [3] (PER, ~#36, aggressive baseline, clay-oriented) обыграл Cerundolo 7-6(4) 4-6 6-2 в QF в 3 сетах (усталость+clay-fit слабее на харде). Bonzi (FRA, ~#38, серв+forehand power, hard-court specialist) обыграл Van de Zandschulp 7-6(5) 6-4 в QF комфортно (свежесть). H2H 0-0. Bonzi имеет surface-фит edge (быстрый харт) + свежесть; Buse утомлён и surface фит хуже. Кэф Bonzi 1.85 (implied 54%) ниже моей 58% — value 1.07. Кэф Buse 1.95 — value 0.82. Средняя ставка на Bonzi ML. Уверенность 4."
2026-08-29,ATP 250 Winston-Salem,Hard,Arthur Fery,James Duckworth,58,42,1.72,2.05,Fery ML (small stake),Слабый (0.58*1.72=1.00),3,П1 6-4 1-2 ret.,"SF. Fery (GBR, лефти, ~#75, tactical baseliner, отличный mental) обыграл Kovacevic 3-6 7-5 6-3 в QF (3-сетный comeback, mental toughness). Duckworth (AUS, ~#95, серв+вlink аллкорт-игра) upset Marozsan 6-7(4) 6-2 4-6→6-2 6-4 в 3-сетнике (усталость). H2H 2-1 Duckworth, но Fery выиграл последний в Cincinnati 2026 (научился ограничивать австралийца). Форма/лефти-угол/last-H2H за британцем; ranking/H2H (за общую историю) за австралийцем. Оба играли по 3 сета в QF — усталость равная. Кэф Fery 1.72 (implied 58%) = моей 58% — value 1.00 baseline. Кэф Duckworth 2.05 — value 0.86. Малая ставка Fery ML. Уверенность 3."
2026-08-30,US Open (GS),Hard,Carlos Alcaraz,Roman Safiullin,83,17,1.13,6.00,Пропуск,Нет (0.83*1.13=0.94; 0.17*6.00=1.02 marg),3,П1 6-4 6-4 6-4,"R1. Alcaraz [2] (ESP, defending champion, экс-#1) — первый матч после 4 мес пропуска (запястье). Safiullin (RUS, ~#98) — прошёл R4 Wimbledon 2025, upset Rublev+Fonseca. H2H 1-1: Safiullin выиграл Paris 2023 (hard), Alcaraz — Paris Olympics 2024. Rust-фактор большой у Алькараза, Ashe большой корт компенсирует. Кэф 1.13 (implied 89%) выше моей 83% — value 0.94. Malый апсайд на Safiullin (кэф 6.00). Пропуск."
2026-08-30,US Open (GS),Hard,Novak Djokovic,Mariano Navone,84,16,1.13,5.95,Пропуск,Нет (0.84*1.13=0.95; 0.16*5.95=0.95),4,П2 6-7(5) 7-5 7-6 2-6 1-6,"R1. Djokovic (SRB, 4x US Open champion, эв.-#1) — evening session Ashe. Navone (ARG, ~#65, clay-специалист, 9-8 на харде в 2026, 10-матчевая winning streak по clay-серии) — H2H 0-0. Predictive model даёт Djokovic 81%. Клас+surface+experience подавляюще за сербом; usable window для Navone только через физику ветерана. Кэф Djokovic 1.13 (implied 88%) выше моей 84% — value 0.95. Пропуск."
2026-08-30,US Open (GS),Hard,Daniil Medvedev,Hugo Gaston,72,28,1.28,3.75,Пропуск,Нет (0.72*1.28=0.92; 0.28*3.75=1.05 marg),3,П1 6-4 6-2 6-4,"R1. Medvedev [7] (RUS, US Open champion 2021, F 2019/2023, 3xSF) — форма слабая (WC Winston-Salem, R16 loss vs Damm Jr 5-7 3-6). Gaston (FRA, ~#95, лефти, drop-shot артист, small stature, любит грайнд) — H2H 0-0. Ashe большой корт удобен flat power-игре русского, но mental instability и rust опасны против нестандартного соперника. Кэф Medvedev 1.28 (implied 78%) выше моей 72% — value 0.92. Кэф Gaston 3.75 — value 1.05 marg. Уверенность 3. Пропуск."
2026-08-30,US Open (GS),Hard,Jessica Pegula,Elena-Gabriela Ruse,78,22,1.25,4.00,Пропуск,Нет (0.78*1.25=0.98; 0.22*4.00=0.88),4,П1 6-3 6-2,"R1. Pegula [3] (USA, ex-F US Open 2024, home crowd, свежая после лета) — 1-я матч day session Ashe. Ruse (ROU, ~#85, aggressive baseline hitter, 11-9 hard в 2026, 10-матчевая winning streak) — H2H 0-0. Класс/serve/return/experience/home за американкой; Ruse на подъёме форме но потолок ниже. Кэф Pegula 1.25 (implied 80%) чуть выше моей 78% — value 0.98. Пропуск, но с уверенностью 4 в исходе."
2026-08-30,US Open (GS),Hard,Aryna Sabalenka,Camila Osorio,88,12,1.10,7.50,Пропуск,Нет (0.88*1.10=0.97; 0.12*7.50=0.90),5,П1 6-2 6-4,"R1. Sabalenka [1] (BLR, 2x defending champion US Open, exc-#1, big-serv power baseline). Osorio (COL, ~#75, defensive baseliner, small stature, clay-oriented) — H2H неясен. Класс/power/surface фит подавляюще за белоруской. Osorio очень редко причиняет проблемы top-игрокам на hard. Кэф Sabalenka 1.10 (implied 91%) чуть выше моей 88% — value 0.97. Пропуск, но исход уверенный."
2026-08-30,US Open (GS),Hard,Venus Williams,Sofia Kenin,35,65,2.60,1.50,Kenin ML (small stake),Слабый (0.65*1.50=0.98),2,П2 2-6 6-7(7),"R1. Venus Williams (USA, 46, WC, 7x GS champion, минимальный ATP-competitive volume в 2026). Sofia Kenin (USA, ~#38, ex-#4, Australian Open 2020 champion, aggressive baseliner, свежая форма после лета). H2H 1-0 Kenin (WTA125 2023). Огромный gap по movement/stamina/form за Kenin; sentimental value за Venus но реальный потолок низкий. Кэф Kenin 1.50 (implied 67%) чуть выше моей 65% — value 0.98 marg. Малая ставка Kenin ML. Уверенность 2 — сценарий Venus-adrenaline не исключён."
2026-09-01,US Open (GS),Hard,Alexander Zverev,Lorenzo Sonego,80,20,1.15,5.50,Пропуск,Нет (0.80*1.15=0.92; 0.20*5.50=1.10 marg),4,,"R1. Zverev [1] (GER, ex-#2, top seed после снятия Sinner) — big-серв power baseliner, лучший 1-serve% на туре. Sonego (ITA, ~#42, серв+forehand aggressive, опасен на быстром харде). H2H 6-0 Zverev, 3-0 на hard, последний Beijing 2025 6-4 6-3 R1. Sonego без побед в 6 встречах, но всегда играл близко к 2 сетам. Класс/H2H/consistency подавляюще за немцем; upset-риск через серв-баттл. Кэф Zverev 1.15 (implied 87%) выше моей 80% — value 0.92. Кэф Sonego 5.50 — value 1.10 marg. Пропуск. Уверенность 4."
2026-09-01,US Open (GS),Hard,Taylor Fritz,Darwin Blanch,92,8,1.04,10.75,Пропуск,Нет (0.92*1.04=0.96; 0.08*10.75=0.86),5,П1 6-3 6-2 6-4,"R1. Fritz [9] (USA, home-slam, ex-F 2024, big-серв+forehand, 8/10 в последних) vs Blanch (USA, WC, 18 лет, #245, 7-матчевая losing streak, свежая R1 loss в Winston-Salem). Огромный gap в class/experience/form подавляюще за старшим американцем. Кэф Fritz 1.04 (implied 96%) чуть выше моей 92% — value 0.96. Пропуск. Уверенность 5 — исход бесспорный."
2026-09-01,US Open (GS),Hard,Coco Gauff,Zeynep Sonmez,85,15,1.10,6.50,Пропуск,Нет (0.85*1.10=0.94; 0.15*6.50=0.98 marg),4,,"R1. Gauff [4] (USA, home-slam, defending Cincinnati champion 2026, ex-US Open champion 2023, свежая форма) vs Sonmez (TUR, ~#52, aggressive baseliner, ограниченный hard-court background на GS-уровне). H2H неясен. Класс/form/home подавляюще за американкой. Кэф Gauff 1.10 (implied 91%) выше моей 85% — value 0.94. Кэф Sonmez 6.50 — value 0.98 marg. Пропуск. Уверенность 4 — evening session Ashe."
2026-09-01,US Open (GS),Hard,Madison Keys,Alina Korneeva,72,28,1.31,3.42,Пропуск,Нет (0.72*1.31=0.94; 0.28*3.42=0.96),3,П1 7-5 6-4,"R1. Keys (USA, ~#23, AO champion 2026, home-slam, big-forehand power, QF Cincinnati 2026 после 3-сетного поражения от Bejlek) vs Korneeva (RUS, ex-junior #1, 18 лет, ~#65, 37-14 в 2026 но большинство на клее и на низшем уровне, 17-6 на hard). H2H 0-0. Класс/experience/serve подавляюще за американкой; Korneeva опасна youth+aggression но GS-опыт минимальный. Кэф Keys 1.31 (implied 76%) выше моей 72% — value 0.94. Кэф Korneeva 3.42 — value 0.96 marg. Пропуск. Уверенность 3 — потенциал upset small но не нулевой (rust у Keys после Cincy)."
2026-09-01,US Open (GS),Hard,Mirra Andreeva,Janice Tjen,78,22,1.18,4.50,Пропуск,Нет (0.78*1.18=0.92; 0.22*4.50=0.99 marg),4,П1 6-2 6-2,"R1. Andreeva [5] (RUS, 19, career-high #5, 40-13 в 2026, 10-матчевая winning streak, RG champion 2026) vs Tjen (INA, ~#150, qualifier, WTA125 Cincy champion, 10-матчевая winning streak, все на низшем уровне). H2H 1-0 Andreeva: Cincy R3 6-1 7-6(5) две недели назад — Tjen дала бой во 2 сете. Класс/ranking/experience подавляюще за русской; momentum обеих равный, но потолок Tjen ниже. Кэф Andreeva 1.18 (implied 85%) выше моей 78% — value 0.92. Кэф Tjen 4.50 — value 0.99 marg. Пропуск. Уверенность 4."
2026-09-01,US Open (GS),Hard,Lorenzo Musetti,Arthur Fery,72,28,1.25,3.80,Пропуск,Нет (0.72*1.25=0.90; 0.28*3.80=1.06 marg),3,,"R1. Musetti [14] (ITA, one-handed backhand, clay-preferred all-court, ~#14, tour-veteran) vs Fery (GBR, лефти, ~#33, Wimbledon SF 2026, breakout сезон, только что F Winston-Salem — 5 матчей за неделю, огромная усталость+возможная травма). H2H 0-0. Class/rest/surface фит за итальянцем; форма/momentum/лефти-угол за британцем, но fatigue-фактор критичный (мышцы+ноги после title-run на быстром харде). Кэф Musetti 1.25 (implied 80%) выше моей 72% — value 0.90. Кэф Fery 3.80 — value 1.06 marg (учитывая усталость — фактически ниже). Пропуск. Уверенность 3."
2026-09-02,US Open (GS),Hard,Carlos Alcaraz,Jaime Faria,90,10,1.08,7.70,Пропуск,Нет (0.90*1.08=0.97; 0.10*7.70=0.77),5,,"R2. Alcaraz [2] (ESP, ex-#1, defending US Open champion, элитен на харде) обыграл Safiullin 6-4 6-4 6-4 в R1 — комфортно, форма возвращается после травмы запястья. Faria (POR, ~#72, big-serve upset artist) прошёл Brooksby 6-3 7-6 4-6 1-6 6-2 в R1 (5 сетов — усталость+heckling drama на Ashe). H2H 0-0. Огромный gap в классе/experience/GS-опыте подавляюще за испанцем; Faria опасен подачей short-burst, но 5-сетная работа против big-3 physicality не проходит. Кэф Alcaraz 1.08 (implied 93%) выше моей 90% — value 0.97. Кэф Faria 7.70 — value 0.77. Пропуск. Уверенность 5 — исход бесспорный."
2026-09-02,US Open (GS),Hard,Aryna Sabalenka,Polina Iatcenko,90,10,1.05,12.00,Пропуск,Нет (0.90*1.05=0.95; 0.10*12.00=1.20 marg),5,,"R2. Sabalenka [1] (BLR, 2x defending champion US Open, 27-3 на харде в 2026, 10-матчевая winning streak) обыграла Osorio 6-2 6-4 в R1 — форма отличная. Iatcenko (RUS, 22, qualifier, ~#150, 24-18 в 2026, 17-14 на харде) — первый tour-уровень QGS main draw для неё. H2H 0-0. Огромный gap в классе/power/serve/experience подавляюще за белоруской. Кэф Sabalenka 1.05 (implied 95%) чуть выше моей 90% — value 0.95. Кэф Iatcenko 12.00 — value 1.20 marg, но потолок квалифайера vs 2x defending champion делает upset малореалистичным. Пропуск. Уверенность 5."
2026-09-02,US Open (GS),Hard,Iga Swiatek,Nadia Podoroska,87,13,1.10,7.50,Пропуск,Нет (0.87*1.10=0.96; 0.13*7.50=0.98 marg),4,,"R2. Swiatek [8] (POL, 6x GS champion, вернулась в форму — Toronto title + Cincy SF в августе) обыграла Wang Xiyu 6-2 6-3 в R1 — уверенно. Podoroska (ARG, ~#85, ex-RG SF 2020, returning из 400+ дней травм-простоя с марта 2026) прошла Waltert в R1 — первая US Open main draw победа за карьеру. H2H 1-0 Swiatek: RG SF 2020 6-2 6-1 (на клее). Никогда не играли на харде. Класс/form/consistency/experience подавляюще за польской; Podoroska comeback story но потолок ниже и surface-фит слабее (clay-preferred). Кэф Swiatek 1.10 (implied 91%) выше моей 87% — value 0.96. Кэф Podoroska 7.50 — value 0.98 marg. Пропуск. Уверенность 4."
2026-09-02,US Open (GS),Hard,Mirra Andreeva,Eva Lys,80,20,1.15,5.50,Пропуск,Нет (0.80*1.15=0.92; 0.20*5.50=1.10 marg),4,,"R2. Andreeva [5] (RUS, 19, career-high #5, RG champion 2026, 10-матчевая winning streak) обыграла Tjen 6-2 6-2 в R1 — уверенная работа, всего 55 минут по слухам. Lys (GER, ~#65, aggressive baseliner, breakout сезон 2026) прошла Ella Seidel в R1 — свежая. H2H 0-0. Класс/ranking/form/GS-опыт подавляюще за русской; Lys может создать проблемы серв-плюс-forehand, но потолок ниже. Кэф Andreeva 1.15 (implied 87%) выше моей 80% — value 0.92. Кэф Lys 5.50 — value 1.10 marg, но upset-риск ограничен (Andreeva в hot streak). Пропуск. Уверенность 4."
2026-09-02,US Open (GS),Hard,Jessica Pegula,Sofia Kenin,72,28,1.30,3.60,Пропуск,Нет (0.72*1.30=0.94; 0.28*3.60=1.01 marg),3,,"R2. Pegula [3] (USA, ex-F US Open 2024, ex-SF 2025, home crowd, свежая) обыграла Ruse 6-3 6-2 в R1 на Ashe — доминантная форма. Kenin (USA, ~#110, ex-#4, AO champion 2020, aggressive baseliner) выиграла у Venus Williams 6-2 7-6(7) в R1 (record-late start после Djokovic). H2H 4-2 Pegula, последний матч Charleston 2025. Класс/ranking/consistency/home за американкой из Buffalo; Kenin опасна power+aggression на big stage. Кэф Pegula 1.30 (implied 77%) чуть выше моей 72% — value 0.94. Кэф Kenin 3.60 — value 1.01 marg. Пропуск, но с потенциалом смены momentum если Kenin поймает ритм. Уверенность 3 — all-American showdown с некоторой непредсказуемостью."
